id,clasificacion,tier,schema,tabla,columna,accion_sugerida,prioridad,requiere_decision,razon_decision
D-0001,schema_falta,2,comunicacion,,,Crear modulo de modelos para schema,MEDIA,NO,
D-0002,schema_falta,2,rentabilidad,,,Crear modulo de modelos para schema,MEDIA,NO,
D-0003,tabla_falta,2,audit,alertas_vencimiento,,Crear modelo,MEDIA,NO,
D-0004,tabla_falta,1,auth,codigo_metadatos,,Crear modelo,ALTA,SI,j9_dos_fuentes_de_verdad
D-0005,tabla_falta,1,auth,codigo_verificacion,,Crear modelo,ALTA,SI,j9_dos_fuentes_de_verdad
D-0006,tabla_falta,2,auth,plantilla_viaje,,Crear modelo,MEDIA,NO,
D-0007,tabla_falta,2,auth,prestadora_telefonica,,Crear modelo,MEDIA,NO,
D-0008,tabla_falta,2,fleet,historial_chofer_vehiculo,,Crear modelo,MEDIA,NO,
D-0009,tabla_falta,2,fleet,relacion_propietario_vehiculo,,Crear modelo,MEDIA,NO,
D-0010,tabla_falta,2,payment,configuracion_pasarela,,Crear modelo,MEDIA,NO,
D-0011,tabla_falta,2,payment,qr_cobro,,Crear modelo,MEDIA,NO,
D-0012,tabla_falta,2,trip,broadcast_log,,Crear modelo,MEDIA,NO,
D-0013,tabla_sobra,4,trip,reserva,,Eliminar modelo,ELIMINAR,NO,
D-0014,nullable_desalineado,2,audit,alerta_desvio,created_at,Alinear nullable,MEDIA,NO,
D-0015,tipo_desalineado,2,audit,alerta_desvio,distancia_desvio_metros,Alinear tipo,MEDIA,NO,
D-0016,tipo_desalineado,2,audit,alerta_desvio,latitud,Alinear tipo,MEDIA,NO,
D-0017,tipo_desalineado,2,audit,alerta_desvio,longitud,Alinear tipo,MEDIA,NO,
D-0018,nullable_desalineado,2,audit,alerta_desvio,notificado,Alinear nullable,MEDIA,NO,
D-0019,nullable_desalineado,2,audit,alerta_desvio,resuelto,Alinear nullable,MEDIA,NO,
D-0020,constraint_desalineada,2,audit,alerta_desvio,,Alinear constraint,MEDIA,NO,
D-0021,constraint_nombre_desalineado,3,audit,alerta_desvio,,Alinear nombre de constraint,BAJA,NO,
D-0022,constraint_falta,2,audit,alerta_desvio,,Agregar constraint al modelo,MEDIA,NO,
D-0023,constraint_falta,2,audit,alerta_desvio,,Agregar constraint al modelo,MEDIA,NO,
D-0024,constraint_falta,2,audit,alerta_desvio,,Agregar constraint al modelo,MEDIA,NO,
D-0025,constraint_falta,2,audit,alerta_desvio,,Agregar constraint al modelo,MEDIA,NO,
D-0026,constraint_falta,2,audit,alerta_desvio,,Agregar constraint al modelo,MEDIA,NO,
D-0027,indice_falta,2,audit,alerta_desvio,,Agregar indice al modelo,MEDIA,NO,
D-0028,indice_falta,2,audit,alerta_desvio,,Agregar indice al modelo,MEDIA,NO,
D-0029,indice_falta,2,audit,alerta_desvio,,Agregar indice al modelo,MEDIA,NO,
D-0030,nullable_desalineado,2,audit,log_acciones,created_at,Alinear nullable,MEDIA,NO,
D-0031,constraint_desalineada,2,audit,log_acciones,,Alinear constraint,MEDIA,NO,
D-0032,constraint_falta,2,audit,log_acciones,,Agregar constraint al modelo,MEDIA,NO,
D-0033,constraint_falta,2,audit,log_acciones,,Agregar constraint al modelo,MEDIA,NO,
D-0034,constraint_falta,2,audit,log_acciones,,Agregar constraint al modelo,MEDIA,NO,
D-0035,indice_falta,2,audit,log_acciones,,Agregar indice al modelo,MEDIA,NO,
D-0036,indice_falta,2,audit,log_acciones,,Agregar indice al modelo,MEDIA,NO,
D-0037,indice_falta,2,audit,log_acciones,,Agregar indice al modelo,MEDIA,NO,
D-0038,indice_falta,2,audit,log_acciones,,Agregar indice al modelo,MEDIA,NO,
D-0039,indice_falta,2,audit,log_acciones,,Agregar indice al modelo,MEDIA,NO,
D-0040,columna_sobra,2,audit,log_gps,ubicacion,Eliminar columna del modelo,MEDIA,NO,
D-0041,columna_sobra,2,audit,log_gps,velocidad_kmh,Eliminar columna del modelo,MEDIA,NO,
D-0042,nullable_desalineado,2,audit,log_gps,created_at,Alinear nullable,MEDIA,NO,
D-0043,tipo_desalineado,2,audit,log_gps,latitud,Alinear tipo,MEDIA,NO,
D-0044,tipo_desalineado,2,audit,log_gps,longitud,Alinear tipo,MEDIA,NO,
D-0045,nullable_desalineado,2,audit,log_gps,viaje_id,Alinear nullable,MEDIA,NO,
D-0046,constraint_desalineada,2,audit,log_gps,,Alinear constraint,MEDIA,NO,
D-0047,constraint_nombre_desalineado,3,audit,log_gps,,Alinear nombre de constraint,BAJA,NO,
D-0048,constraint_nombre_desalineado,3,audit,log_gps,,Alinear nombre de constraint,BAJA,NO,
D-0049,constraint_falta,2,audit,log_gps,,Agregar constraint al modelo,MEDIA,NO,
D-0050,constraint_falta,2,audit,log_gps,,Agregar constraint al modelo,MEDIA,NO,
D-0051,constraint_falta,2,audit,log_gps,,Agregar constraint al modelo,MEDIA,NO,
D-0052,constraint_falta,2,audit,log_gps,,Agregar constraint al modelo,MEDIA,NO,
D-0053,indice_falta,2,audit,log_gps,,Agregar indice al modelo,MEDIA,NO,
D-0054,indice_falta,2,audit,log_gps,,Agregar indice al modelo,MEDIA,NO,
D-0055,indice_falta,2,audit,log_gps,,Agregar indice al modelo,MEDIA,NO,
D-0056,indice_sobra,2,audit,log_gps,,Eliminar indice del modelo,MEDIA,NO,
D-0057,nullable_desalineado,2,auth,auditoria_email,created_at,Alinear nullable,MEDIA,NO,
D-0058,nullable_desalineado,2,auth,auditoria_email,valid,Alinear nullable,MEDIA,NO,
D-0059,constraint_desalineada,2,auth,auditoria_email,,Alinear constraint,MEDIA,NO,
D-0060,constraint_falta,2,auth,auditoria_email,,Agregar constraint al modelo,MEDIA,NO,
D-0061,constraint_falta,2,auth,auditoria_email,,Agregar constraint al modelo,MEDIA,NO,
D-0062,indice_falta,2,auth,auditoria_email,,Agregar indice al modelo,MEDIA,NO,
D-0063,indice_falta,2,auth,auditoria_email,,Agregar indice al modelo,MEDIA,NO,
D-0064,indice_falta,2,auth,auditoria_email,,Agregar indice al modelo,MEDIA,NO,
D-0065,indice_falta,2,auth,auditoria_email,,Agregar indice al modelo,MEDIA,NO,
D-0066,nullable_desalineado,2,auth,autorizacion_inicio,created_at,Alinear nullable,MEDIA,NO,
D-0067,constraint_desalineada,2,auth,autorizacion_inicio,,Alinear constraint,MEDIA,NO,
D-0068,constraint_falta,2,auth,autorizacion_inicio,,Agregar constraint al modelo,MEDIA,NO,
D-0069,constraint_sobra,2,auth,autorizacion_inicio,,Eliminar constraint del modelo,MEDIA,NO,
D-0070,constraint_falta,2,auth,autorizacion_inicio,,Agregar constraint al modelo,MEDIA,NO,
D-0071,constraint_falta,2,auth,autorizacion_inicio,,Agregar constraint al modelo,MEDIA,NO,
D-0072,constraint_falta,2,auth,autorizacion_inicio,,Agregar constraint al modelo,MEDIA,NO,
D-0073,constraint_falta,2,auth,autorizacion_inicio,,Agregar constraint al modelo,MEDIA,NO,
D-0074,constraint_falta,2,auth,autorizacion_inicio,,Agregar constraint al modelo,MEDIA,NO,
D-0075,constraint_falta,2,auth,autorizacion_inicio,,Agregar constraint al modelo,MEDIA,NO,
D-0076,indice_falta,2,auth,autorizacion_inicio,,Agregar indice al modelo,MEDIA,NO,
D-0077,indice_falta,2,auth,autorizacion_inicio,,Agregar indice al modelo,MEDIA,NO,
D-0078,indice_falta,2,auth,autorizacion_inicio,,Agregar indice al modelo,MEDIA,NO,
D-0079,indice_falta,2,auth,autorizacion_inicio,,Agregar indice al modelo,MEDIA,NO,
D-0080,indice_falta,2,auth,autorizacion_inicio,,Agregar indice al modelo,MEDIA,NO,
D-0081,columna_falta,2,auth,direccion_frecuente,email,Agregar columna al modelo,MEDIA,NO,
D-0082,columna_falta,2,auth,direccion_frecuente,telefono,Agregar columna al modelo,MEDIA,NO,
D-0083,nullable_desalineado,2,auth,direccion_frecuente,created_at,Alinear nullable,MEDIA,NO,
D-0084,tipo_desalineado,2,auth,direccion_frecuente,latitud,Alinear tipo,MEDIA,NO,
D-0085,tipo_desalineado,2,auth,direccion_frecuente,longitud,Alinear tipo,MEDIA,NO,
D-0086,constraint_desalineada,2,auth,direccion_frecuente,,Alinear constraint,MEDIA,NO,
D-0087,constraint_nombre_desalineado,3,auth,direccion_frecuente,,Alinear nombre de constraint,BAJA,NO,
D-0088,constraint_falta,2,auth,direccion_frecuente,,Agregar constraint al modelo,MEDIA,NO,
D-0089,constraint_falta,2,auth,direccion_frecuente,,Agregar constraint al modelo,MEDIA,NO,
D-0090,indice_falta,2,auth,direccion_frecuente,,Agregar indice al modelo,MEDIA,NO,
D-0091,nullable_desalineado,2,auth,perfil_general,created_at,Alinear nullable,MEDIA,NO,
D-0092,nullable_desalineado,2,auth,perfil_general,updated_at,Alinear nullable,MEDIA,NO,
D-0093,nullable_desalineado,2,auth,perfil_general,usuario_id,Alinear nullable,MEDIA,NO,
D-0094,constraint_desalineada,2,auth,perfil_general,,Alinear constraint,MEDIA,NO,
D-0095,constraint_nombre_desalineado,3,auth,perfil_general,,Alinear nombre de constraint,BAJA,NO,
D-0096,constraint_nombre_desalineado,3,auth,perfil_general,,Alinear nombre de constraint,BAJA,NO,
D-0097,constraint_sobra,2,auth,perfil_general,,Eliminar constraint del modelo,MEDIA,NO,
D-0098,constraint_falta,2,auth,perfil_general,,Agregar constraint al modelo,MEDIA,NO,
D-0099,indice_falta,2,auth,perfil_general,,Agregar indice al modelo,MEDIA,NO,
D-0100,nullable_desalineado,2,auth,refresh_token,created_at,Alinear nullable,MEDIA,NO,
D-0101,nullable_desalineado,2,auth,refresh_token,usado,Alinear nullable,MEDIA,NO,
D-0102,constraint_desalineada,2,auth,refresh_token,,Alinear constraint,MEDIA,NO,
D-0103,constraint_nombre_desalineado,3,auth,refresh_token,,Alinear nombre de constraint,BAJA,NO,
D-0104,constraint_falta,2,auth,refresh_token,,Agregar constraint al modelo,MEDIA,NO,
D-0105,constraint_falta,2,auth,refresh_token,,Agregar constraint al modelo,MEDIA,NO,
D-0106,constraint_falta,2,auth,refresh_token,,Agregar constraint al modelo,MEDIA,NO,
D-0107,constraint_falta,2,auth,refresh_token,,Agregar constraint al modelo,MEDIA,NO,
D-0108,constraint_falta,2,auth,refresh_token,,Agregar constraint al modelo,MEDIA,NO,
D-0109,indice_falta,2,auth,refresh_token,,Agregar indice al modelo,MEDIA,NO,
D-0110,indice_falta,2,auth,refresh_token,,Agregar indice al modelo,MEDIA,NO,
D-0111,nullable_desalineado,2,auth,reset_token,created_at,Alinear nullable,MEDIA,NO,
D-0112,nullable_desalineado,2,auth,reset_token,usado,Alinear nullable,MEDIA,NO,
D-0113,constraint_desalineada,2,auth,reset_token,,Alinear constraint,MEDIA,NO,
D-0114,constraint_nombre_desalineado,3,auth,reset_token,,Alinear nombre de constraint,BAJA,NO,
D-0115,constraint_falta,2,auth,reset_token,,Agregar constraint al modelo,MEDIA,NO,
D-0116,constraint_falta,2,auth,reset_token,,Agregar constraint al modelo,MEDIA,NO,
D-0117,constraint_falta,2,auth,reset_token,,Agregar constraint al modelo,MEDIA,NO,
D-0118,constraint_falta,2,auth,reset_token,,Agregar constraint al modelo,MEDIA,NO,
D-0119,indice_falta,2,auth,reset_token,,Agregar indice al modelo,MEDIA,NO,
D-0120,indice_sobra,2,auth,reset_token,,Eliminar indice del modelo,MEDIA,NO,
D-0121,nullable_desalineado,2,auth,taxista_favorito,created_at,Alinear nullable,MEDIA,NO,
D-0122,constraint_desalineada,2,auth,taxista_favorito,,Alinear constraint,MEDIA,NO,
D-0123,constraint_nombre_desalineado,3,auth,taxista_favorito,,Alinear nombre de constraint,BAJA,NO,
D-0124,constraint_nombre_desalineado,3,auth,taxista_favorito,,Alinear nombre de constraint,BAJA,NO,
D-0125,constraint_falta,2,auth,taxista_favorito,,Agregar constraint al modelo,MEDIA,NO,
D-0126,constraint_falta,2,auth,taxista_favorito,,Agregar constraint al modelo,MEDIA,NO,
D-0127,constraint_falta,2,auth,taxista_favorito,,Agregar constraint al modelo,MEDIA,NO,
D-0128,indice_falta,2,auth,taxista_favorito,,Agregar indice al modelo,MEDIA,NO,
D-0129,constraint_desalineada,2,auth,tipo_usuario,,Alinear constraint,MEDIA,NO,
D-0130,constraint_falta,2,auth,tipo_usuario,,Agregar constraint al modelo,MEDIA,NO,
D-0131,constraint_sobra,2,auth,tipo_usuario,,Eliminar constraint del modelo,MEDIA,NO,
D-0132,constraint_falta,2,auth,tipo_usuario,,Agregar constraint al modelo,MEDIA,NO,
D-0133,constraint_falta,2,auth,tipo_usuario,,Agregar constraint al modelo,MEDIA,NO,
D-0134,indice_falta,2,auth,tipo_usuario,,Agregar indice al modelo,MEDIA,NO,
D-0135,indice_falta,2,auth,tipo_usuario,,Agregar indice al modelo,MEDIA,NO,
D-0136,nullable_desalineado,2,auth,turno_empleado,created_at,Alinear nullable,MEDIA,NO,
D-0137,tipo_desalineado,2,auth,turno_empleado,facturado_total,Alinear tipo,MEDIA,NO,
D-0138,nullable_desalineado,2,auth,turno_empleado,facturado_total,Alinear nullable,MEDIA,NO,
D-0139,nullable_desalineado,2,auth,turno_empleado,updated_at,Alinear nullable,MEDIA,NO,
D-0140,nullable_desalineado,2,auth,turno_empleado,viajes_gestionados,Alinear nullable,MEDIA,NO,
D-0141,constraint_desalineada,2,auth,turno_empleado,,Alinear constraint,MEDIA,NO,
D-0142,constraint_nombre_desalineado,3,auth,turno_empleado,,Alinear nombre de constraint,BAJA,NO,
D-0143,constraint_nombre_desalineado,3,auth,turno_empleado,,Alinear nombre de constraint,BAJA,NO,
D-0144,constraint_falta,2,auth,turno_empleado,,Agregar constraint al modelo,MEDIA,NO,
D-0145,constraint_falta,2,auth,turno_empleado,,Agregar constraint al modelo,MEDIA,NO,
D-0146,constraint_falta,2,auth,turno_empleado,,Agregar constraint al modelo,MEDIA,NO,
D-0147,constraint_falta,2,auth,turno_empleado,,Agregar constraint al modelo,MEDIA,NO,
D-0148,constraint_falta,2,auth,turno_empleado,,Agregar constraint al modelo,MEDIA,NO,
D-0149,constraint_falta,2,auth,turno_empleado,,Agregar constraint al modelo,MEDIA,NO,
D-0150,indice_falta,2,auth,turno_empleado,,Agregar indice al modelo,MEDIA,NO,
D-0151,indice_falta,2,auth,turno_empleado,,Agregar indice al modelo,MEDIA,NO,
D-0152,indice_falta,2,auth,turno_empleado,,Agregar indice al modelo,MEDIA,NO,
D-0153,indice_falta,2,auth,turno_empleado,,Agregar indice al modelo,MEDIA,NO,
D-0154,indice_falta,2,auth,turno_empleado,,Agregar indice al modelo,MEDIA,NO,
D-0155,nullable_desalineado,1,auth,usuario,activo,Alinear nullable,ALTA,NO,
D-0156,nullable_desalineado,1,auth,usuario,created_at,Alinear nullable,ALTA,NO,
D-0157,tipo_desalineado,1,auth,usuario,password_hash,Alinear tipo,ALTA,NO,
D-0158,nullable_desalineado,1,auth,usuario,tipo_usuario_id,Alinear nullable,ALTA,NO,
D-0159,nullable_desalineado,1,auth,usuario,updated_at,Alinear nullable,ALTA,NO,
D-0160,constraint_desalineada,1,auth,usuario,,Alinear constraint,ALTA,NO,
D-0161,constraint_nombre_desalineado,1,auth,usuario,,Alinear nombre de constraint,ALTA,NO,
D-0162,constraint_nombre_desalineado,1,auth,usuario,,Alinear nombre de constraint,ALTA,NO,
D-0163,constraint_nombre_desalineado,1,auth,usuario,,Alinear nombre de constraint,ALTA,NO,
D-0164,constraint_falta,1,auth,usuario,,Agregar constraint al modelo,ALTA,NO,
D-0165,constraint_falta,1,auth,usuario,,Agregar constraint al modelo,ALTA,NO,
D-0166,constraint_falta,1,auth,usuario,,Agregar constraint al modelo,ALTA,NO,
D-0167,constraint_falta,1,auth,usuario,,Agregar constraint al modelo,ALTA,NO,
D-0168,indice_falta,1,auth,usuario,,Agregar indice al modelo,ALTA,NO,
D-0169,indice_nombre_desalineado,1,auth,usuario,,Alinear nombre de indice,ALTA,NO,
D-0170,nullable_desalineado,2,auth,usuario_empresa,activo,Alinear nullable,MEDIA,NO,
D-0171,nullable_desalineado,2,auth,usuario_empresa,created_at,Alinear nullable,MEDIA,NO,
D-0172,nullable_desalineado,2,auth,usuario_empresa,rol,Alinear nullable,MEDIA,NO,
D-0173,constraint_desalineada,2,auth,usuario_empresa,,Alinear constraint,MEDIA,NO,
D-0174,constraint_nombre_desalineado,3,auth,usuario_empresa,,Alinear nombre de constraint,BAJA,NO,
D-0175,constraint_nombre_desalineado,3,auth,usuario_empresa,,Alinear nombre de constraint,BAJA,NO,
D-0176,constraint_falta,2,auth,usuario_empresa,,Agregar constraint al modelo,MEDIA,NO,
D-0177,constraint_falta,2,auth,usuario_empresa,,Agregar constraint al modelo,MEDIA,NO,
D-0178,constraint_falta,2,auth,usuario_empresa,,Agregar constraint al modelo,MEDIA,NO,
D-0179,indice_falta,2,auth,usuario_empresa,,Agregar indice al modelo,MEDIA,NO,
D-0180,columna_falta,2,auth,usuario_rol,control_base_id,Agregar columna al modelo,MEDIA,NO,
D-0181,tipo_desalineado,2,auth,usuario_rol,fecha_fin,Alinear tipo,MEDIA,NO,
D-0182,tipo_desalineado,2,auth,usuario_rol,fecha_inicio,Alinear tipo,MEDIA,NO,
D-0183,constraint_desalineada,2,auth,usuario_rol,,Alinear constraint,MEDIA,NO,
D-0184,constraint_falta,2,auth,usuario_rol,,Agregar constraint al modelo,MEDIA,NO,
D-0185,constraint_falta,2,auth,usuario_rol,,Agregar constraint al modelo,MEDIA,NO,
D-0186,constraint_falta,2,auth,usuario_rol,,Agregar constraint al modelo,MEDIA,NO,
D-0187,constraint_falta,2,auth,usuario_rol,,Agregar constraint al modelo,MEDIA,NO,
D-0188,constraint_falta,2,auth,usuario_rol,,Agregar constraint al modelo,MEDIA,NO,
D-0189,constraint_falta,2,auth,usuario_rol,,Agregar constraint al modelo,MEDIA,NO,
D-0190,constraint_falta,2,auth,usuario_rol,,Agregar constraint al modelo,MEDIA,NO,
D-0191,constraint_falta,2,auth,usuario_rol,,Agregar constraint al modelo,MEDIA,NO,
D-0192,indice_falta,2,auth,usuario_rol,,Agregar indice al modelo,MEDIA,NO,
D-0193,indice_falta,2,auth,usuario_rol,,Agregar indice al modelo,MEDIA,NO,
D-0194,indice_falta,2,auth,usuario_rol,,Agregar indice al modelo,MEDIA,NO,
D-0195,indice_falta,2,auth,usuario_rol,,Agregar indice al modelo,MEDIA,NO,
D-0196,indice_falta,2,auth,usuario_rol,,Agregar indice al modelo,MEDIA,NO,
D-0197,columna_falta,2,corporate,cuenta_corriente,dia_cierre,Agregar columna al modelo,MEDIA,NO,
D-0198,columna_falta,2,corporate,cuenta_corriente,estado,Agregar columna al modelo,MEDIA,NO,
D-0199,columna_falta,2,corporate,cuenta_corriente,fecha_apertura,Agregar columna al modelo,MEDIA,NO,
D-0200,columna_falta,2,corporate,cuenta_corriente,fecha_proximo_vencimiento,Agregar columna al modelo,MEDIA,NO,
D-0201,columna_falta,2,corporate,cuenta_corriente,fecha_ultimo_pago,Agregar columna al modelo,MEDIA,NO,
D-0202,columna_falta,2,corporate,cuenta_corriente,periodo_facturacion,Agregar columna al modelo,MEDIA,NO,
D-0203,columna_falta,2,corporate,cuenta_corriente,propietario_id,Agregar columna al modelo,MEDIA,NO,
D-0204,columna_falta,2,corporate,cuenta_corriente,responsable_cobro,Agregar columna al modelo,MEDIA,NO,
D-0205,columna_falta,2,corporate,cuenta_corriente,titular_id,Agregar columna al modelo,MEDIA,NO,
D-0206,columna_falta,2,corporate,cuenta_corriente,titular_tipo,Agregar columna al modelo,MEDIA,NO,
D-0207,tipo_desalineado,2,corporate,cuenta_corriente,limite_credito,Alinear tipo,MEDIA,NO,
D-0208,tipo_desalineado,2,corporate,cuenta_corriente,saldo_actual,Alinear tipo,MEDIA,NO,
D-0209,tipo_desalineado,2,corporate,cuenta_corriente,saldo_disponible,Alinear tipo,MEDIA,NO,
D-0210,constraint_desalineada,2,corporate,cuenta_corriente,,Alinear constraint,MEDIA,NO,
D-0211,constraint_falta,2,corporate,cuenta_corriente,,Agregar constraint al modelo,MEDIA,NO,
D-0212,constraint_falta,2,corporate,cuenta_corriente,,Agregar constraint al modelo,MEDIA,NO,
D-0213,constraint_sobra,2,corporate,cuenta_corriente,,Eliminar constraint del modelo,MEDIA,NO,
D-0214,constraint_falta,2,corporate,cuenta_corriente,,Agregar constraint al modelo,MEDIA,NO,
D-0215,constraint_falta,2,corporate,cuenta_corriente,,Agregar constraint al modelo,MEDIA,NO,
D-0216,constraint_falta,2,corporate,cuenta_corriente,,Agregar constraint al modelo,MEDIA,NO,
D-0217,constraint_falta,2,corporate,cuenta_corriente,,Agregar constraint al modelo,MEDIA,NO,
D-0218,constraint_falta,2,corporate,cuenta_corriente,,Agregar constraint al modelo,MEDIA,NO,
D-0219,constraint_falta,2,corporate,cuenta_corriente,,Agregar constraint al modelo,MEDIA,NO,
D-0220,constraint_falta,2,corporate,cuenta_corriente,,Agregar constraint al modelo,MEDIA,NO,
D-0221,constraint_falta,2,corporate,cuenta_corriente,,Agregar constraint al modelo,MEDIA,NO,
D-0222,constraint_falta,2,corporate,cuenta_corriente,,Agregar constraint al modelo,MEDIA,NO,
D-0223,constraint_falta,2,corporate,cuenta_corriente,,Agregar constraint al modelo,MEDIA,NO,
D-0224,indice_falta,2,corporate,cuenta_corriente,,Agregar indice al modelo,MEDIA,NO,
D-0225,indice_falta,2,corporate,cuenta_corriente,,Agregar indice al modelo,MEDIA,NO,
D-0226,columna_falta,2,corporate,factura_corporativa,saldo_anterior,Agregar columna al modelo,MEDIA,NO,
D-0227,columna_falta,2,corporate,factura_corporativa,saldo_final,Agregar columna al modelo,MEDIA,NO,
D-0228,columna_falta,2,corporate,factura_corporativa,total_cargos,Agregar columna al modelo,MEDIA,NO,
D-0229,columna_falta,2,corporate,factura_corporativa,total_pagos,Agregar columna al modelo,MEDIA,NO,
D-0230,tipo_desalineado,2,corporate,factura_corporativa,descuento,Alinear tipo,MEDIA,NO,
D-0231,comment_desalineado,3,corporate,factura_corporativa,estado,Alinear comment,BAJA,NO,
D-0232,tipo_desalineado,2,corporate,factura_corporativa,iva,Alinear tipo,MEDIA,NO,
D-0233,tipo_desalineado,2,corporate,factura_corporativa,subtotal,Alinear tipo,MEDIA,NO,
D-0234,tipo_desalineado,2,corporate,factura_corporativa,total,Alinear tipo,MEDIA,NO,
D-0235,constraint_desalineada,2,corporate,factura_corporativa,,Alinear constraint,MEDIA,NO,
D-0236,constraint_falta,2,corporate,factura_corporativa,,Agregar constraint al modelo,MEDIA,NO,
D-0237,constraint_sobra,2,corporate,factura_corporativa,,Eliminar constraint del modelo,MEDIA,NO,
D-0238,constraint_falta,2,corporate,factura_corporativa,,Agregar constraint al modelo,MEDIA,NO,
D-0239,constraint_falta,2,corporate,factura_corporativa,,Agregar constraint al modelo,MEDIA,NO,
D-0240,constraint_falta,2,corporate,factura_corporativa,,Agregar constraint al modelo,MEDIA,NO,
D-0241,constraint_falta,2,corporate,factura_corporativa,,Agregar constraint al modelo,MEDIA,NO,
D-0242,constraint_falta,2,corporate,factura_corporativa,,Agregar constraint al modelo,MEDIA,NO,
D-0243,constraint_falta,2,corporate,factura_corporativa,,Agregar constraint al modelo,MEDIA,NO,
D-0244,constraint_falta,2,corporate,factura_corporativa,,Agregar constraint al modelo,MEDIA,NO,
D-0245,constraint_falta,2,corporate,factura_corporativa,,Agregar constraint al modelo,MEDIA,NO,
D-0246,constraint_falta,2,corporate,factura_corporativa,,Agregar constraint al modelo,MEDIA,NO,
D-0247,constraint_falta,2,corporate,factura_corporativa,,Agregar constraint al modelo,MEDIA,NO,
D-0248,constraint_falta,2,corporate,factura_corporativa,,Agregar constraint al modelo,MEDIA,NO,
D-0249,constraint_falta,2,corporate,factura_corporativa,,Agregar constraint al modelo,MEDIA,NO,
D-0250,constraint_falta,2,corporate,factura_corporativa,,Agregar constraint al modelo,MEDIA,NO,
D-0251,indice_falta,2,corporate,factura_corporativa,,Agregar indice al modelo,MEDIA,NO,
D-0252,indice_falta,2,corporate,factura_corporativa,,Agregar indice al modelo,MEDIA,NO,
D-0253,indice_falta,2,corporate,factura_corporativa,,Agregar indice al modelo,MEDIA,NO,
D-0254,indice_falta,2,corporate,factura_corporativa,,Agregar indice al modelo,MEDIA,NO,
D-0255,indice_falta,2,corporate,factura_corporativa,,Agregar indice al modelo,MEDIA,NO,
D-0256,columna_falta,2,corporate,movimiento_cuenta,created_by,Agregar columna al modelo,MEDIA,NO,
D-0257,columna_falta,2,corporate,movimiento_cuenta,estado,Agregar columna al modelo,MEDIA,NO,
D-0258,columna_falta,2,corporate,movimiento_cuenta,fecha_vencimiento,Agregar columna al modelo,MEDIA,NO,
D-0259,columna_falta,2,corporate,movimiento_cuenta,metodo_pago,Agregar columna al modelo,MEDIA,NO,
D-0260,columna_falta,2,corporate,movimiento_cuenta,referencia_pago,Agregar columna al modelo,MEDIA,NO,
D-0261,columna_falta,2,corporate,movimiento_cuenta,tipo,Agregar columna al modelo,MEDIA,NO,
D-0262,tipo_desalineado,2,corporate,movimiento_cuenta,monto,Alinear tipo,MEDIA,NO,
D-0263,tipo_desalineado,2,corporate,movimiento_cuenta,saldo_anterior,Alinear tipo,MEDIA,NO,
D-0264,tipo_desalineado,2,corporate,movimiento_cuenta,saldo_nuevo,Alinear tipo,MEDIA,NO,
D-0265,comment_desalineado,3,corporate,movimiento_cuenta,tipo_movimiento,Alinear comment,BAJA,NO,
D-0266,constraint_desalineada,2,corporate,movimiento_cuenta,,Alinear constraint,MEDIA,NO,
D-0267,constraint_falta,2,corporate,movimiento_cuenta,,Agregar constraint al modelo,MEDIA,NO,
D-0268,constraint_falta,2,corporate,movimiento_cuenta,,Agregar constraint al modelo,MEDIA,NO,
D-0269,constraint_falta,2,corporate,movimiento_cuenta,,Agregar constraint al modelo,MEDIA,NO,
D-0270,constraint_falta,2,corporate,movimiento_cuenta,,Agregar constraint al modelo,MEDIA,NO,
D-0271,constraint_falta,2,corporate,movimiento_cuenta,,Agregar constraint al modelo,MEDIA,NO,
D-0272,constraint_falta,2,corporate,movimiento_cuenta,,Agregar constraint al modelo,MEDIA,NO,
D-0273,constraint_falta,2,corporate,movimiento_cuenta,,Agregar constraint al modelo,MEDIA,NO,
D-0274,constraint_falta,2,corporate,movimiento_cuenta,,Agregar constraint al modelo,MEDIA,NO,
D-0275,constraint_falta,2,corporate,movimiento_cuenta,,Agregar constraint al modelo,MEDIA,NO,
D-0276,constraint_falta,2,corporate,movimiento_cuenta,,Agregar constraint al modelo,MEDIA,NO,
D-0277,indice_falta,2,corporate,movimiento_cuenta,,Agregar indice al modelo,MEDIA,NO,
D-0278,indice_falta,2,corporate,movimiento_cuenta,,Agregar indice al modelo,MEDIA,NO,
D-0279,indice_falta,2,corporate,movimiento_cuenta,,Agregar indice al modelo,MEDIA,NO,
D-0280,columna_falta,2,corporate,pago_corporativo,movimiento_cc_id,Agregar columna al modelo,MEDIA,NO,
D-0281,comment_desalineado,3,corporate,pago_corporativo,estado,Alinear comment,BAJA,NO,
D-0282,tipo_desalineado,2,corporate,pago_corporativo,monto,Alinear tipo,MEDIA,NO,
D-0283,constraint_desalineada,2,corporate,pago_corporativo,,Alinear constraint,MEDIA,NO,
D-0284,constraint_falta,2,corporate,pago_corporativo,,Agregar constraint al modelo,MEDIA,NO,
D-0285,constraint_falta,2,corporate,pago_corporativo,,Agregar constraint al modelo,MEDIA,NO,
D-0286,constraint_falta,2,corporate,pago_corporativo,,Agregar constraint al modelo,MEDIA,NO,
D-0287,constraint_falta,2,corporate,pago_corporativo,,Agregar constraint al modelo,MEDIA,NO,
D-0288,constraint_falta,2,corporate,pago_corporativo,,Agregar constraint al modelo,MEDIA,NO,
D-0289,constraint_falta,2,corporate,pago_corporativo,,Agregar constraint al modelo,MEDIA,NO,
D-0290,constraint_falta,2,corporate,pago_corporativo,,Agregar constraint al modelo,MEDIA,NO,
D-0291,constraint_falta,2,corporate,pago_corporativo,,Agregar constraint al modelo,MEDIA,NO,
D-0292,constraint_falta,2,corporate,pago_corporativo,,Agregar constraint al modelo,MEDIA,NO,
D-0293,indice_falta,2,corporate,pago_corporativo,,Agregar indice al modelo,MEDIA,NO,
D-0294,indice_falta,2,corporate,pago_corporativo,,Agregar indice al modelo,MEDIA,NO,
D-0295,indice_falta,2,corporate,pago_corporativo,,Agregar indice al modelo,MEDIA,NO,
D-0296,constraint_desalineada,2,fleet,categoria_gasto,,Alinear constraint,MEDIA,NO,
D-0297,constraint_nombre_desalineado,3,fleet,categoria_gasto,,Alinear nombre de constraint,BAJA,NO,
D-0298,constraint_falta,2,fleet,categoria_gasto,,Agregar constraint al modelo,MEDIA,NO,
D-0299,constraint_sobra,2,fleet,categoria_gasto,,Eliminar constraint del modelo,MEDIA,NO,
D-0300,constraint_falta,2,fleet,categoria_gasto,,Agregar constraint al modelo,MEDIA,NO,
D-0301,constraint_falta,2,fleet,categoria_gasto,,Agregar constraint al modelo,MEDIA,NO,
D-0302,constraint_falta,2,fleet,categoria_gasto,,Agregar constraint al modelo,MEDIA,NO,
D-0303,constraint_falta,2,fleet,categoria_gasto,,Agregar constraint al modelo,MEDIA,NO,
D-0304,constraint_falta,2,fleet,categoria_gasto,,Agregar constraint al modelo,MEDIA,NO,
D-0305,constraint_falta,2,fleet,categoria_gasto,,Agregar constraint al modelo,MEDIA,NO,
D-0306,constraint_falta,2,fleet,categoria_gasto,,Agregar constraint al modelo,MEDIA,NO,
D-0307,constraint_falta,2,fleet,categoria_gasto,,Agregar constraint al modelo,MEDIA,NO,
D-0308,constraint_falta,2,fleet,categoria_gasto,,Agregar constraint al modelo,MEDIA,NO,
D-0309,indice_falta,2,fleet,categoria_gasto,,Agregar indice al modelo,MEDIA,NO,
D-0310,indice_falta,2,fleet,categoria_gasto,,Agregar indice al modelo,MEDIA,NO,
D-0311,indice_falta,2,fleet,categoria_gasto,,Agregar indice al modelo,MEDIA,NO,
D-0312,nullable_desalineado,1,fleet,chofer_vehiculo,activo,Alinear nullable,ALTA,NO,
D-0313,nullable_desalineado,1,fleet,chofer_vehiculo,calificacion_promedio,Alinear nullable,ALTA,NO,
D-0314,nullable_desalineado,1,fleet,chofer_vehiculo,created_at,Alinear nullable,ALTA,NO,
D-0315,nullable_desalineado,1,fleet,chofer_vehiculo,estado_laboral,Alinear nullable,ALTA,NO,
D-0316,nullable_desalineado,1,fleet,chofer_vehiculo,estado_panico,Alinear nullable,ALTA,NO,
D-0317,nullable_desalineado,1,fleet,chofer_vehiculo,total_calificaciones,Alinear nullable,ALTA,NO,
D-0318,tipo_desalineado,1,fleet,chofer_vehiculo,ubicacion,Alinear tipo,ALTA,NO,
D-0319,nullable_desalineado,1,fleet,chofer_vehiculo,ultima_conexion,Alinear nullable,ALTA,NO,
D-0320,nullable_desalineado,1,fleet,chofer_vehiculo,updated_at,Alinear nullable,ALTA,NO,
D-0321,nullable_desalineado,1,fleet,chofer_vehiculo,vehiculo_id,Alinear nullable,ALTA,NO,
D-0322,constraint_desalineada,1,fleet,chofer_vehiculo,,Alinear constraint,ALTA,NO,
D-0323,constraint_nombre_desalineado,1,fleet,chofer_vehiculo,,Alinear nombre de constraint,ALTA,NO,
D-0324,constraint_nombre_desalineado,1,fleet,chofer_vehiculo,,Alinear nombre de constraint,ALTA,NO,
D-0325,constraint_nombre_desalineado,1,fleet,chofer_vehiculo,,Alinear nombre de constraint,ALTA,NO,
D-0326,constraint_falta,1,fleet,chofer_vehiculo,,Agregar constraint al modelo,ALTA,NO,
D-0327,constraint_falta,1,fleet,chofer_vehiculo,,Agregar constraint al modelo,ALTA,NO,
D-0328,constraint_falta,1,fleet,chofer_vehiculo,,Agregar constraint al modelo,ALTA,NO,
D-0329,constraint_falta,1,fleet,chofer_vehiculo,,Agregar constraint al modelo,ALTA,NO,
D-0330,indice_falta,1,fleet,chofer_vehiculo,,Agregar indice al modelo,ALTA,NO,
D-0331,indice_sobra,1,fleet,chofer_vehiculo,,Eliminar indice del modelo,ALTA,NO,
D-0332,nullable_desalineado,2,fleet,contrato_qr,activo,Alinear nullable,MEDIA,NO,
D-0333,nullable_desalineado,2,fleet,contrato_qr,created_at,Alinear nullable,MEDIA,NO,
D-0334,nullable_desalineado,2,fleet,contrato_qr,usos,Alinear nullable,MEDIA,NO,
D-0335,constraint_desalineada,2,fleet,contrato_qr,,Alinear constraint,MEDIA,NO,
D-0336,constraint_falta,2,fleet,contrato_qr,,Agregar constraint al modelo,MEDIA,NO,
D-0337,constraint_sobra,2,fleet,contrato_qr,,Eliminar constraint del modelo,MEDIA,NO,
D-0338,constraint_falta,2,fleet,contrato_qr,,Agregar constraint al modelo,MEDIA,NO,
D-0339,constraint_falta,2,fleet,contrato_qr,,Agregar constraint al modelo,MEDIA,NO,
D-0340,constraint_falta,2,fleet,contrato_qr,,Agregar constraint al modelo,MEDIA,NO,
D-0341,indice_falta,2,fleet,contrato_qr,,Agregar indice al modelo,MEDIA,NO,
D-0342,indice_falta,2,fleet,contrato_qr,,Agregar indice al modelo,MEDIA,NO,
D-0343,indice_falta,2,fleet,contrato_qr,,Agregar indice al modelo,MEDIA,NO,
D-0344,indice_falta,2,fleet,contrato_qr,,Agregar indice al modelo,MEDIA,NO,
D-0345,nullable_desalineado,2,fleet,contrato_vehiculo,created_at,Alinear nullable,MEDIA,NO,
D-0346,nullable_desalineado,2,fleet,contrato_vehiculo,estado_contrato,Alinear nullable,MEDIA,NO,
D-0347,comment_desalineado,3,fleet,contrato_vehiculo,estado_contrato,Alinear comment,BAJA,NO,
D-0348,constraint_desalineada,2,fleet,contrato_vehiculo,,Alinear constraint,MEDIA,NO,
D-0349,constraint_nombre_desalineado,3,fleet,contrato_vehiculo,,Alinear nombre de constraint,BAJA,NO,
D-0350,constraint_nombre_desalineado,3,fleet,contrato_vehiculo,,Alinear nombre de constraint,BAJA,NO,
D-0351,constraint_nombre_desalineado,3,fleet,contrato_vehiculo,,Alinear nombre de constraint,BAJA,NO,
D-0352,constraint_nombre_desalineado,3,fleet,contrato_vehiculo,,Alinear nombre de constraint,BAJA,NO,
D-0353,constraint_falta,2,fleet,contrato_vehiculo,,Agregar constraint al modelo,MEDIA,NO,
D-0354,constraint_falta,2,fleet,contrato_vehiculo,,Agregar constraint al modelo,MEDIA,NO,
D-0355,constraint_falta,2,fleet,contrato_vehiculo,,Agregar constraint al modelo,MEDIA,NO,
D-0356,constraint_falta,2,fleet,contrato_vehiculo,,Agregar constraint al modelo,MEDIA,NO,
D-0357,constraint_falta,2,fleet,contrato_vehiculo,,Agregar constraint al modelo,MEDIA,NO,
D-0358,constraint_falta,2,fleet,contrato_vehiculo,,Agregar constraint al modelo,MEDIA,NO,
D-0359,constraint_falta,2,fleet,contrato_vehiculo,,Agregar constraint al modelo,MEDIA,NO,
D-0360,constraint_falta,2,fleet,contrato_vehiculo,,Agregar constraint al modelo,MEDIA,NO,
D-0361,constraint_falta,2,fleet,contrato_vehiculo,,Agregar constraint al modelo,MEDIA,NO,
D-0362,constraint_falta,2,fleet,contrato_vehiculo,,Agregar constraint al modelo,MEDIA,NO,
D-0363,constraint_falta,2,fleet,contrato_vehiculo,,Agregar constraint al modelo,MEDIA,NO,
D-0364,constraint_falta,2,fleet,contrato_vehiculo,,Agregar constraint al modelo,MEDIA,NO,
D-0365,constraint_falta,2,fleet,contrato_vehiculo,,Agregar constraint al modelo,MEDIA,NO,
D-0366,constraint_falta,2,fleet,contrato_vehiculo,,Agregar constraint al modelo,MEDIA,NO,
D-0367,constraint_falta,2,fleet,contrato_vehiculo,,Agregar constraint al modelo,MEDIA,NO,
D-0368,constraint_falta,2,fleet,contrato_vehiculo,,Agregar constraint al modelo,MEDIA,NO,
D-0369,constraint_falta,2,fleet,contrato_vehiculo,,Agregar constraint al modelo,MEDIA,NO,
D-0370,constraint_falta,2,fleet,contrato_vehiculo,,Agregar constraint al modelo,MEDIA,NO,
D-0371,constraint_falta,2,fleet,contrato_vehiculo,,Agregar constraint al modelo,MEDIA,NO,
D-0372,constraint_falta,2,fleet,contrato_vehiculo,,Agregar constraint al modelo,MEDIA,NO,
D-0373,constraint_falta,2,fleet,contrato_vehiculo,,Agregar constraint al modelo,MEDIA,NO,
D-0374,constraint_falta,2,fleet,contrato_vehiculo,,Agregar constraint al modelo,MEDIA,NO,
D-0375,constraint_falta,2,fleet,contrato_vehiculo,,Agregar constraint al modelo,MEDIA,NO,
D-0376,constraint_falta,2,fleet,contrato_vehiculo,,Agregar constraint al modelo,MEDIA,NO,
D-0377,constraint_falta,2,fleet,contrato_vehiculo,,Agregar constraint al modelo,MEDIA,NO,
D-0378,indice_falta,2,fleet,contrato_vehiculo,,Agregar indice al modelo,MEDIA,NO,
D-0379,indice_falta,2,fleet,contrato_vehiculo,,Agregar indice al modelo,MEDIA,NO,
D-0380,indice_falta,2,fleet,contrato_vehiculo,,Agregar indice al modelo,MEDIA,NO,
D-0381,indice_falta,2,fleet,contrato_vehiculo,,Agregar indice al modelo,MEDIA,NO,
D-0382,indice_falta,2,fleet,contrato_vehiculo,,Agregar indice al modelo,MEDIA,NO,
D-0383,indice_falta,2,fleet,contrato_vehiculo,,Agregar indice al modelo,MEDIA,NO,
D-0384,indice_falta,2,fleet,contrato_vehiculo,,Agregar indice al modelo,MEDIA,NO,
D-0385,nullable_desalineado,2,fleet,documento_propietario,created_at,Alinear nullable,MEDIA,NO,
D-0386,constraint_desalineada,2,fleet,documento_propietario,,Alinear constraint,MEDIA,NO,
D-0387,constraint_falta,2,fleet,documento_propietario,,Agregar constraint al modelo,MEDIA,NO,
D-0388,constraint_falta,2,fleet,documento_propietario,,Agregar constraint al modelo,MEDIA,NO,
D-0389,constraint_falta,2,fleet,documento_propietario,,Agregar constraint al modelo,MEDIA,NO,
D-0390,constraint_falta,2,fleet,documento_propietario,,Agregar constraint al modelo,MEDIA,NO,
D-0391,constraint_falta,2,fleet,documento_propietario,,Agregar constraint al modelo,MEDIA,NO,
D-0392,indice_falta,2,fleet,documento_propietario,,Agregar indice al modelo,MEDIA,NO,
D-0393,indice_falta,2,fleet,documento_propietario,,Agregar indice al modelo,MEDIA,NO,
D-0394,indice_falta,2,fleet,documento_propietario,,Agregar indice al modelo,MEDIA,NO,
D-0395,nullable_desalineado,2,fleet,documento_vehiculo,created_at,Alinear nullable,MEDIA,NO,
D-0396,nullable_desalineado,2,fleet,documento_vehiculo,updated_at,Alinear nullable,MEDIA,NO,
D-0397,constraint_desalineada,2,fleet,documento_vehiculo,,Alinear constraint,MEDIA,NO,
D-0398,constraint_nombre_desalineado,3,fleet,documento_vehiculo,,Alinear nombre de constraint,BAJA,NO,
D-0399,constraint_falta,2,fleet,documento_vehiculo,,Agregar constraint al modelo,MEDIA,NO,
D-0400,constraint_falta,2,fleet,documento_vehiculo,,Agregar constraint al modelo,MEDIA,NO,
D-0401,constraint_falta,2,fleet,documento_vehiculo,,Agregar constraint al modelo,MEDIA,NO,
D-0402,constraint_falta,2,fleet,documento_vehiculo,,Agregar constraint al modelo,MEDIA,NO,
D-0403,constraint_falta,2,fleet,documento_vehiculo,,Agregar constraint al modelo,MEDIA,NO,
D-0404,constraint_falta,2,fleet,documento_vehiculo,,Agregar constraint al modelo,MEDIA,NO,
D-0405,indice_falta,2,fleet,documento_vehiculo,,Agregar indice al modelo,MEDIA,NO,
D-0406,indice_falta,2,fleet,documento_vehiculo,,Agregar indice al modelo,MEDIA,NO,
D-0407,indice_falta,2,fleet,documento_vehiculo,,Agregar indice al modelo,MEDIA,NO,
D-0408,nullable_desalineado,2,fleet,documentos_chofer,subido_en,Alinear nullable,MEDIA,NO,
D-0409,constraint_desalineada,2,fleet,documentos_chofer,,Alinear constraint,MEDIA,NO,
D-0410,constraint_nombre_desalineado,3,fleet,documentos_chofer,,Alinear nombre de constraint,BAJA,NO,
D-0411,constraint_falta,2,fleet,documentos_chofer,,Agregar constraint al modelo,MEDIA,NO,
D-0412,constraint_falta,2,fleet,documentos_chofer,,Agregar constraint al modelo,MEDIA,NO,
D-0413,constraint_falta,2,fleet,documentos_chofer,,Agregar constraint al modelo,MEDIA,NO,
D-0414,constraint_falta,2,fleet,documentos_chofer,,Agregar constraint al modelo,MEDIA,NO,
D-0415,constraint_falta,2,fleet,documentos_chofer,,Agregar constraint al modelo,MEDIA,NO,
D-0416,constraint_falta,2,fleet,documentos_chofer,,Agregar constraint al modelo,MEDIA,NO,
D-0417,constraint_falta,2,fleet,documentos_chofer,,Agregar constraint al modelo,MEDIA,NO,
D-0418,indice_falta,2,fleet,documentos_chofer,,Agregar indice al modelo,MEDIA,NO,
D-0419,indice_falta,2,fleet,documentos_chofer,,Agregar indice al modelo,MEDIA,NO,
D-0420,indice_falta,2,fleet,documentos_chofer,,Agregar indice al modelo,MEDIA,NO,
D-0421,indice_falta,2,fleet,documentos_chofer,,Agregar indice al modelo,MEDIA,NO,
D-0422,nullable_desalineado,2,fleet,foto_vehiculo,created_at,Alinear nullable,MEDIA,NO,
D-0423,nullable_desalineado,2,fleet,foto_vehiculo,es_principal,Alinear nullable,MEDIA,NO,
D-0424,nullable_desalineado,2,fleet,foto_vehiculo,orden,Alinear nullable,MEDIA,NO,
D-0425,constraint_desalineada,2,fleet,foto_vehiculo,,Alinear constraint,MEDIA,NO,
D-0426,constraint_falta,2,fleet,foto_vehiculo,,Agregar constraint al modelo,MEDIA,NO,
D-0427,constraint_falta,2,fleet,foto_vehiculo,,Agregar constraint al modelo,MEDIA,NO,
D-0428,constraint_falta,2,fleet,foto_vehiculo,,Agregar constraint al modelo,MEDIA,NO,
D-0429,constraint_falta,2,fleet,foto_vehiculo,,Agregar constraint al modelo,MEDIA,NO,
D-0430,indice_falta,2,fleet,foto_vehiculo,,Agregar indice al modelo,MEDIA,NO,
D-0431,indice_falta,2,fleet,foto_vehiculo,,Agregar indice al modelo,MEDIA,NO,
D-0432,indice_falta,2,fleet,foto_vehiculo,,Agregar indice al modelo,MEDIA,NO,
D-0433,constraint_desalineada,2,fleet,gasto_turno,,Alinear constraint,MEDIA,NO,
D-0434,constraint_nombre_desalineado,3,fleet,gasto_turno,,Alinear nombre de constraint,BAJA,NO,
D-0435,constraint_nombre_desalineado,3,fleet,gasto_turno,,Alinear nombre de constraint,BAJA,NO,
D-0436,constraint_falta,2,fleet,gasto_turno,,Agregar constraint al modelo,MEDIA,NO,
D-0437,constraint_falta,2,fleet,gasto_turno,,Agregar constraint al modelo,MEDIA,NO,
D-0438,constraint_falta,2,fleet,gasto_turno,,Agregar constraint al modelo,MEDIA,NO,
D-0439,constraint_falta,2,fleet,gasto_turno,,Agregar constraint al modelo,MEDIA,NO,
D-0440,constraint_falta,2,fleet,gasto_turno,,Agregar constraint al modelo,MEDIA,NO,
D-0441,constraint_sobra,2,fleet,gasto_turno,,Eliminar constraint del modelo,MEDIA,NO,
D-0442,indice_falta,2,fleet,gasto_turno,,Agregar indice al modelo,MEDIA,NO,
D-0443,indice_falta,2,fleet,gasto_turno,,Agregar indice al modelo,MEDIA,NO,
D-0444,indice_falta,2,fleet,gasto_turno,,Agregar indice al modelo,MEDIA,NO,
D-0445,nullable_desalineado,2,fleet,gasto_vehiculo,created_at,Alinear nullable,MEDIA,NO,
D-0446,tipo_desalineado,2,fleet,gasto_vehiculo,km_registro,Alinear tipo,MEDIA,NO,
D-0447,nullable_desalineado,2,fleet,gasto_vehiculo,moneda,Alinear nullable,MEDIA,NO,
D-0448,constraint_desalineada,2,fleet,gasto_vehiculo,,Alinear constraint,MEDIA,NO,
D-0449,constraint_nombre_desalineado,3,fleet,gasto_vehiculo,,Alinear nombre de constraint,BAJA,NO,
D-0450,constraint_nombre_desalineado,3,fleet,gasto_vehiculo,,Alinear nombre de constraint,BAJA,NO,
D-0451,constraint_nombre_desalineado,3,fleet,gasto_vehiculo,,Alinear nombre de constraint,BAJA,NO,
D-0452,constraint_falta,2,fleet,gasto_vehiculo,,Agregar constraint al modelo,MEDIA,NO,
D-0453,constraint_falta,2,fleet,gasto_vehiculo,,Agregar constraint al modelo,MEDIA,NO,
D-0454,constraint_falta,2,fleet,gasto_vehiculo,,Agregar constraint al modelo,MEDIA,NO,
D-0455,constraint_falta,2,fleet,gasto_vehiculo,,Agregar constraint al modelo,MEDIA,NO,
D-0456,indice_falta,2,fleet,gasto_vehiculo,,Agregar indice al modelo,MEDIA,NO,
D-0457,indice_falta,2,fleet,gasto_vehiculo,,Agregar indice al modelo,MEDIA,NO,
D-0458,indice_falta,2,fleet,gasto_vehiculo,,Agregar indice al modelo,MEDIA,NO,
D-0459,comment_desalineado,1,fleet,ingreso_turno,declarado_por,Alinear comment,ALTA,NO,
D-0460,comment_desalineado,1,fleet,ingreso_turno,medio_pago,Alinear comment,ALTA,SI,vocabulario_metodo_pago
D-0461,comment_desalineado,1,fleet,ingreso_turno,transaccion_id,Alinear comment,ALTA,NO,
D-0462,constraint_desalineada,1,fleet,ingreso_turno,,Alinear constraint,ALTA,NO,
D-0463,constraint_falta,1,fleet,ingreso_turno,,Agregar constraint al modelo,ALTA,NO,
D-0464,constraint_falta,1,fleet,ingreso_turno,,Agregar constraint al modelo,ALTA,NO,
D-0465,constraint_falta,1,fleet,ingreso_turno,,Agregar constraint al modelo,ALTA,NO,
D-0466,constraint_falta,1,fleet,ingreso_turno,,Agregar constraint al modelo,ALTA,NO,
D-0467,constraint_falta,1,fleet,ingreso_turno,,Agregar constraint al modelo,ALTA,NO,
D-0468,constraint_falta,1,fleet,ingreso_turno,,Agregar constraint al modelo,ALTA,NO,
D-0469,constraint_falta,1,fleet,ingreso_turno,,Agregar constraint al modelo,ALTA,NO,
D-0470,constraint_falta,1,fleet,ingreso_turno,,Agregar constraint al modelo,ALTA,NO,
D-0471,constraint_falta,1,fleet,ingreso_turno,,Agregar constraint al modelo,ALTA,NO,
D-0472,constraint_falta,1,fleet,ingreso_turno,,Agregar constraint al modelo,ALTA,NO,
D-0473,indice_falta,1,fleet,ingreso_turno,,Agregar indice al modelo,ALTA,NO,
D-0474,nullable_desalineado,2,fleet,liquidacion,calculada_en,Alinear nullable,MEDIA,NO,
D-0475,nullable_desalineado,2,fleet,liquidacion,canon,Alinear nullable,MEDIA,NO,
D-0476,nullable_desalineado,2,fleet,liquidacion,comision_chofer,Alinear nullable,MEDIA,NO,
D-0477,nullable_desalineado,2,fleet,liquidacion,created_at,Alinear nullable,MEDIA,NO,
D-0478,nullable_desalineado,2,fleet,liquidacion,estado,Alinear nullable,MEDIA,NO,
D-0479,nullable_desalineado,2,fleet,liquidacion,monto_bruto,Alinear nullable,MEDIA,NO,
D-0480,nullable_desalineado,2,fleet,liquidacion,total_chofer,Alinear nullable,MEDIA,NO,
D-0481,nullable_desalineado,2,fleet,liquidacion,total_gastos,Alinear nullable,MEDIA,NO,
D-0482,nullable_desalineado,2,fleet,liquidacion,total_propietario,Alinear nullable,MEDIA,NO,
D-0483,nullable_desalineado,2,fleet,liquidacion,updated_at,Alinear nullable,MEDIA,NO,
D-0484,nullable_desalineado,2,fleet,liquidacion,version,Alinear nullable,MEDIA,NO,
D-0485,constraint_desalineada,2,fleet,liquidacion,,Alinear constraint,MEDIA,NO,
D-0486,constraint_nombre_desalineado,3,fleet,liquidacion,,Alinear nombre de constraint,BAJA,NO,
D-0487,constraint_nombre_desalineado,3,fleet,liquidacion,,Alinear nombre de constraint,BAJA,NO,
D-0488,constraint_nombre_desalineado,3,fleet,liquidacion,,Alinear nombre de constraint,BAJA,NO,
D-0489,constraint_nombre_desalineado,3,fleet,liquidacion,,Alinear nombre de constraint,BAJA,NO,
D-0490,constraint_nombre_desalineado,3,fleet,liquidacion,,Alinear nombre de constraint,BAJA,NO,
D-0491,constraint_nombre_desalineado,3,fleet,liquidacion,,Alinear nombre de constraint,BAJA,NO,
D-0492,constraint_nombre_desalineado,3,fleet,liquidacion,,Alinear nombre de constraint,BAJA,NO,
D-0493,constraint_nombre_desalineado,3,fleet,liquidacion,,Alinear nombre de constraint,BAJA,NO,
D-0494,constraint_nombre_desalineado,3,fleet,liquidacion,,Alinear nombre de constraint,BAJA,NO,
D-0495,constraint_falta,2,fleet,liquidacion,,Agregar constraint al modelo,MEDIA,NO,
D-0496,constraint_falta,2,fleet,liquidacion,,Agregar constraint al modelo,MEDIA,NO,
D-0497,constraint_falta,2,fleet,liquidacion,,Agregar constraint al modelo,MEDIA,NO,
D-0498,constraint_falta,2,fleet,liquidacion,,Agregar constraint al modelo,MEDIA,NO,
D-0499,constraint_falta,2,fleet,liquidacion,,Agregar constraint al modelo,MEDIA,NO,
D-0500,constraint_falta,2,fleet,liquidacion,,Agregar constraint al modelo,MEDIA,NO,
D-0501,constraint_falta,2,fleet,liquidacion,,Agregar constraint al modelo,MEDIA,NO,
D-0502,constraint_falta,2,fleet,liquidacion,,Agregar constraint al modelo,MEDIA,NO,
D-0503,constraint_falta,2,fleet,liquidacion,,Agregar constraint al modelo,MEDIA,NO,
D-0504,constraint_falta,2,fleet,liquidacion,,Agregar constraint al modelo,MEDIA,NO,
D-0505,constraint_falta,2,fleet,liquidacion,,Agregar constraint al modelo,MEDIA,NO,
D-0506,constraint_falta,2,fleet,liquidacion,,Agregar constraint al modelo,MEDIA,NO,
D-0507,constraint_falta,2,fleet,liquidacion,,Agregar constraint al modelo,MEDIA,NO,
D-0508,constraint_falta,2,fleet,liquidacion,,Agregar constraint al modelo,MEDIA,NO,
D-0509,constraint_falta,2,fleet,liquidacion,,Agregar constraint al modelo,MEDIA,NO,
D-0510,constraint_falta,2,fleet,liquidacion,,Agregar constraint al modelo,MEDIA,NO,
D-0511,constraint_falta,2,fleet,liquidacion,,Agregar constraint al modelo,MEDIA,NO,
D-0512,constraint_falta,2,fleet,liquidacion,,Agregar constraint al modelo,MEDIA,NO,
D-0513,constraint_falta,2,fleet,liquidacion,,Agregar constraint al modelo,MEDIA,NO,
D-0514,constraint_falta,2,fleet,liquidacion,,Agregar constraint al modelo,MEDIA,NO,
D-0515,constraint_falta,2,fleet,liquidacion,,Agregar constraint al modelo,MEDIA,NO,
D-0516,constraint_falta,2,fleet,liquidacion,,Agregar constraint al modelo,MEDIA,NO,
D-0517,constraint_falta,2,fleet,liquidacion,,Agregar constraint al modelo,MEDIA,NO,
D-0518,constraint_falta,2,fleet,liquidacion,,Agregar constraint al modelo,MEDIA,NO,
D-0519,constraint_falta,2,fleet,liquidacion,,Agregar constraint al modelo,MEDIA,NO,
D-0520,indice_falta,2,fleet,liquidacion,,Agregar indice al modelo,MEDIA,NO,
D-0521,nullable_desalineado,2,fleet,liquidacion_ajuste,created_at,Alinear nullable,MEDIA,NO,
D-0522,constraint_desalineada,2,fleet,liquidacion_ajuste,,Alinear constraint,MEDIA,NO,
D-0523,constraint_nombre_desalineado,3,fleet,liquidacion_ajuste,,Alinear nombre de constraint,BAJA,NO,
D-0524,constraint_nombre_desalineado,3,fleet,liquidacion_ajuste,,Alinear nombre de constraint,BAJA,NO,
D-0525,constraint_nombre_desalineado,3,fleet,liquidacion_ajuste,,Alinear nombre de constraint,BAJA,NO,
D-0526,constraint_falta,2,fleet,liquidacion_ajuste,,Agregar constraint al modelo,MEDIA,NO,
D-0527,constraint_falta,2,fleet,liquidacion_ajuste,,Agregar constraint al modelo,MEDIA,NO,
D-0528,constraint_falta,2,fleet,liquidacion_ajuste,,Agregar constraint al modelo,MEDIA,NO,
D-0529,constraint_falta,2,fleet,liquidacion_ajuste,,Agregar constraint al modelo,MEDIA,NO,
D-0530,constraint_falta,2,fleet,liquidacion_ajuste,,Agregar constraint al modelo,MEDIA,NO,
D-0531,constraint_falta,2,fleet,liquidacion_ajuste,,Agregar constraint al modelo,MEDIA,NO,
D-0532,indice_falta,2,fleet,liquidacion_ajuste,,Agregar indice al modelo,MEDIA,NO,
D-0533,nullable_desalineado,2,fleet,liquidacion_detalle,created_at,Alinear nullable,MEDIA,NO,
D-0534,constraint_desalineada,2,fleet,liquidacion_detalle,,Alinear constraint,MEDIA,NO,
D-0535,constraint_nombre_desalineado,3,fleet,liquidacion_detalle,,Alinear nombre de constraint,BAJA,NO,
D-0536,constraint_falta,2,fleet,liquidacion_detalle,,Agregar constraint al modelo,MEDIA,NO,
D-0537,constraint_falta,2,fleet,liquidacion_detalle,,Agregar constraint al modelo,MEDIA,NO,
D-0538,constraint_falta,2,fleet,liquidacion_detalle,,Agregar constraint al modelo,MEDIA,NO,
D-0539,constraint_falta,2,fleet,liquidacion_detalle,,Agregar constraint al modelo,MEDIA,NO,
D-0540,constraint_falta,2,fleet,liquidacion_detalle,,Agregar constraint al modelo,MEDIA,NO,
D-0541,constraint_falta,2,fleet,liquidacion_detalle,,Agregar constraint al modelo,MEDIA,NO,
D-0542,indice_falta,2,fleet,liquidacion_detalle,,Agregar indice al modelo,MEDIA,NO,
D-0543,nullable_desalineado,2,fleet,liquidacion_estado_historial,created_at,Alinear nullable,MEDIA,NO,
D-0544,constraint_desalineada,2,fleet,liquidacion_estado_historial,,Alinear constraint,MEDIA,NO,
D-0545,constraint_nombre_desalineado,3,fleet,liquidacion_estado_historial,,Alinear nombre de constraint,BAJA,NO,
D-0546,constraint_nombre_desalineado,3,fleet,liquidacion_estado_historial,,Alinear nombre de constraint,BAJA,NO,
D-0547,constraint_nombre_desalineado,3,fleet,liquidacion_estado_historial,,Alinear nombre de constraint,BAJA,NO,
D-0548,constraint_falta,2,fleet,liquidacion_estado_historial,,Agregar constraint al modelo,MEDIA,NO,
D-0549,constraint_falta,2,fleet,liquidacion_estado_historial,,Agregar constraint al modelo,MEDIA,NO,
D-0550,constraint_falta,2,fleet,liquidacion_estado_historial,,Agregar constraint al modelo,MEDIA,NO,
D-0551,constraint_falta,2,fleet,liquidacion_estado_historial,,Agregar constraint al modelo,MEDIA,NO,
D-0552,constraint_falta,2,fleet,liquidacion_estado_historial,,Agregar constraint al modelo,MEDIA,NO,
D-0553,indice_falta,2,fleet,liquidacion_estado_historial,,Agregar indice al modelo,MEDIA,NO,
D-0554,nullable_desalineado,2,fleet,mantenimiento_vehiculo,created_at,Alinear nullable,MEDIA,NO,
D-0555,constraint_desalineada,2,fleet,mantenimiento_vehiculo,,Alinear constraint,MEDIA,NO,
D-0556,constraint_nombre_desalineado,3,fleet,mantenimiento_vehiculo,,Alinear nombre de constraint,BAJA,NO,
D-0557,constraint_nombre_desalineado,3,fleet,mantenimiento_vehiculo,,Alinear nombre de constraint,BAJA,NO,
D-0558,constraint_falta,2,fleet,mantenimiento_vehiculo,,Agregar constraint al modelo,MEDIA,NO,
D-0559,constraint_falta,2,fleet,mantenimiento_vehiculo,,Agregar constraint al modelo,MEDIA,NO,
D-0560,constraint_falta,2,fleet,mantenimiento_vehiculo,,Agregar constraint al modelo,MEDIA,NO,
D-0561,indice_falta,2,fleet,mantenimiento_vehiculo,,Agregar indice al modelo,MEDIA,NO,
D-0562,nullable_desalineado,2,fleet,marca,created_at,Alinear nullable,MEDIA,NO,
D-0563,constraint_desalineada,2,fleet,marca,,Alinear constraint,MEDIA,NO,
D-0564,constraint_falta,2,fleet,marca,,Agregar constraint al modelo,MEDIA,NO,
D-0565,constraint_sobra,2,fleet,marca,,Eliminar constraint del modelo,MEDIA,NO,
D-0566,constraint_falta,2,fleet,marca,,Agregar constraint al modelo,MEDIA,NO,
D-0567,constraint_falta,2,fleet,marca,,Agregar constraint al modelo,MEDIA,NO,
D-0568,indice_falta,2,fleet,marca,,Agregar indice al modelo,MEDIA,NO,
D-0569,indice_falta,2,fleet,marca,,Agregar indice al modelo,MEDIA,NO,
D-0570,nullable_desalineado,2,fleet,modelo,created_at,Alinear nullable,MEDIA,NO,
D-0571,constraint_desalineada,2,fleet,modelo,,Alinear constraint,MEDIA,NO,
D-0572,constraint_nombre_desalineado,3,fleet,modelo,,Alinear nombre de constraint,BAJA,NO,
D-0573,constraint_falta,2,fleet,modelo,,Agregar constraint al modelo,MEDIA,NO,
D-0574,constraint_falta,2,fleet,modelo,,Agregar constraint al modelo,MEDIA,NO,
D-0575,constraint_falta,2,fleet,modelo,,Agregar constraint al modelo,MEDIA,NO,
D-0576,constraint_falta,2,fleet,modelo,,Agregar constraint al modelo,MEDIA,NO,
D-0577,indice_falta,2,fleet,modelo,,Agregar indice al modelo,MEDIA,NO,
D-0578,indice_falta,2,fleet,modelo,,Agregar indice al modelo,MEDIA,NO,
D-0579,tipo_desalineado,2,fleet,neumatico_historial_posicion,created_at,Alinear tipo,MEDIA,SI,timestamp_naive_vs_tz
D-0580,tipo_desalineado,2,fleet,neumatico_historial_posicion,fecha_desmontaje,Alinear tipo,MEDIA,SI,timestamp_naive_vs_tz
D-0581,tipo_desalineado,2,fleet,neumatico_historial_posicion,fecha_montaje,Alinear tipo,MEDIA,SI,timestamp_naive_vs_tz
D-0582,constraint_desalineada,2,fleet,neumatico_historial_posicion,,Alinear constraint,MEDIA,NO,
D-0583,constraint_nombre_desalineado,3,fleet,neumatico_historial_posicion,,Alinear nombre de constraint,BAJA,NO,
D-0584,constraint_nombre_desalineado,3,fleet,neumatico_historial_posicion,,Alinear nombre de constraint,BAJA,NO,
D-0585,constraint_nombre_desalineado,3,fleet,neumatico_historial_posicion,,Alinear nombre de constraint,BAJA,NO,
D-0586,constraint_nombre_desalineado,3,fleet,neumatico_historial_posicion,,Alinear nombre de constraint,BAJA,NO,
D-0587,constraint_falta,2,fleet,neumatico_historial_posicion,,Agregar constraint al modelo,MEDIA,NO,
D-0588,constraint_falta,2,fleet,neumatico_historial_posicion,,Agregar constraint al modelo,MEDIA,NO,
D-0589,constraint_falta,2,fleet,neumatico_historial_posicion,,Agregar constraint al modelo,MEDIA,NO,
D-0590,constraint_falta,2,fleet,neumatico_historial_posicion,,Agregar constraint al modelo,MEDIA,NO,
D-0591,constraint_falta,2,fleet,neumatico_historial_posicion,,Agregar constraint al modelo,MEDIA,NO,
D-0592,constraint_falta,2,fleet,neumatico_historial_posicion,,Agregar constraint al modelo,MEDIA,NO,
D-0593,constraint_falta,2,fleet,neumatico_historial_posicion,,Agregar constraint al modelo,MEDIA,NO,
D-0594,constraint_falta,2,fleet,neumatico_historial_posicion,,Agregar constraint al modelo,MEDIA,NO,
D-0595,indice_falta,2,fleet,neumatico_historial_posicion,,Agregar indice al modelo,MEDIA,NO,
D-0596,indice_falta,2,fleet,neumatico_historial_posicion,,Agregar indice al modelo,MEDIA,NO,
D-0597,indice_falta,2,fleet,neumatico_historial_posicion,,Agregar indice al modelo,MEDIA,NO,
D-0598,indice_falta,2,fleet,neumatico_historial_posicion,,Agregar indice al modelo,MEDIA,NO,
D-0599,indice_falta,2,fleet,neumatico_historial_posicion,,Agregar indice al modelo,MEDIA,NO,
D-0600,indice_falta,2,fleet,neumatico_historial_posicion,,Agregar indice al modelo,MEDIA,NO,
D-0601,tipo_desalineado,2,fleet,neumatico_imagen,created_at,Alinear tipo,MEDIA,SI,timestamp_naive_vs_tz
D-0602,tipo_desalineado,2,fleet,neumatico_imagen,fecha_subida,Alinear tipo,MEDIA,SI,timestamp_naive_vs_tz
D-0603,constraint_desalineada,2,fleet,neumatico_imagen,,Alinear constraint,MEDIA,NO,
D-0604,constraint_nombre_desalineado,3,fleet,neumatico_imagen,,Alinear nombre de constraint,BAJA,NO,
D-0605,constraint_nombre_desalineado,3,fleet,neumatico_imagen,,Alinear nombre de constraint,BAJA,NO,
D-0606,constraint_nombre_desalineado,3,fleet,neumatico_imagen,,Alinear nombre de constraint,BAJA,NO,
D-0607,constraint_nombre_desalineado,3,fleet,neumatico_imagen,,Alinear nombre de constraint,BAJA,NO,
D-0608,constraint_falta,2,fleet,neumatico_imagen,,Agregar constraint al modelo,MEDIA,NO,
D-0609,constraint_falta,2,fleet,neumatico_imagen,,Agregar constraint al modelo,MEDIA,NO,
D-0610,constraint_falta,2,fleet,neumatico_imagen,,Agregar constraint al modelo,MEDIA,NO,
D-0611,constraint_falta,2,fleet,neumatico_imagen,,Agregar constraint al modelo,MEDIA,NO,
D-0612,constraint_falta,2,fleet,neumatico_imagen,,Agregar constraint al modelo,MEDIA,NO,
D-0613,constraint_falta,2,fleet,neumatico_imagen,,Agregar constraint al modelo,MEDIA,NO,
D-0614,indice_falta,2,fleet,neumatico_imagen,,Agregar indice al modelo,MEDIA,NO,
D-0615,indice_falta,2,fleet,neumatico_imagen,,Agregar indice al modelo,MEDIA,NO,
D-0616,indice_falta,2,fleet,neumatico_imagen,,Agregar indice al modelo,MEDIA,NO,
D-0617,indice_falta,2,fleet,neumatico_imagen,,Agregar indice al modelo,MEDIA,NO,
D-0618,indice_falta,2,fleet,neumatico_imagen,,Agregar indice al modelo,MEDIA,NO,
D-0619,tipo_desalineado,2,fleet,neumatico_medicion,created_at,Alinear tipo,MEDIA,SI,timestamp_naive_vs_tz
D-0620,tipo_desalineado,2,fleet,neumatico_medicion,fecha_medicion,Alinear tipo,MEDIA,SI,timestamp_naive_vs_tz
D-0621,constraint_desalineada,2,fleet,neumatico_medicion,,Alinear constraint,MEDIA,NO,
D-0622,constraint_nombre_desalineado,3,fleet,neumatico_medicion,,Alinear nombre de constraint,BAJA,NO,
D-0623,constraint_nombre_desalineado,3,fleet,neumatico_medicion,,Alinear nombre de constraint,BAJA,NO,
D-0624,constraint_nombre_desalineado,3,fleet,neumatico_medicion,,Alinear nombre de constraint,BAJA,NO,
D-0625,constraint_falta,2,fleet,neumatico_medicion,,Agregar constraint al modelo,MEDIA,NO,
D-0626,constraint_falta,2,fleet,neumatico_medicion,,Agregar constraint al modelo,MEDIA,NO,
D-0627,constraint_falta,2,fleet,neumatico_medicion,,Agregar constraint al modelo,MEDIA,NO,
D-0628,constraint_falta,2,fleet,neumatico_medicion,,Agregar constraint al modelo,MEDIA,NO,
D-0629,constraint_falta,2,fleet,neumatico_medicion,,Agregar constraint al modelo,MEDIA,NO,
D-0630,constraint_falta,2,fleet,neumatico_medicion,,Agregar constraint al modelo,MEDIA,NO,
D-0631,indice_falta,2,fleet,neumatico_medicion,,Agregar indice al modelo,MEDIA,NO,
D-0632,indice_falta,2,fleet,neumatico_medicion,,Agregar indice al modelo,MEDIA,NO,
D-0633,indice_falta,2,fleet,neumatico_medicion,,Agregar indice al modelo,MEDIA,NO,
D-0634,indice_falta,2,fleet,neumatico_medicion,,Agregar indice al modelo,MEDIA,NO,
D-0635,tipo_desalineado,2,fleet,neumatico_operacion,created_at,Alinear tipo,MEDIA,SI,timestamp_naive_vs_tz
D-0636,tipo_desalineado,2,fleet,neumatico_operacion,fecha_operacion,Alinear tipo,MEDIA,SI,timestamp_naive_vs_tz
D-0637,tipo_desalineado,2,fleet,neumatico_operacion,updated_at,Alinear tipo,MEDIA,SI,timestamp_naive_vs_tz
D-0638,constraint_desalineada,2,fleet,neumatico_operacion,,Alinear constraint,MEDIA,NO,
D-0639,constraint_nombre_desalineado,3,fleet,neumatico_operacion,,Alinear nombre de constraint,BAJA,NO,
D-0640,constraint_nombre_desalineado,3,fleet,neumatico_operacion,,Alinear nombre de constraint,BAJA,NO,
D-0641,constraint_nombre_desalineado,3,fleet,neumatico_operacion,,Alinear nombre de constraint,BAJA,NO,
D-0642,constraint_falta,2,fleet,neumatico_operacion,,Agregar constraint al modelo,MEDIA,NO,
D-0643,constraint_falta,2,fleet,neumatico_operacion,,Agregar constraint al modelo,MEDIA,NO,
D-0644,constraint_falta,2,fleet,neumatico_operacion,,Agregar constraint al modelo,MEDIA,NO,
D-0645,constraint_falta,2,fleet,neumatico_operacion,,Agregar constraint al modelo,MEDIA,NO,
D-0646,constraint_falta,2,fleet,neumatico_operacion,,Agregar constraint al modelo,MEDIA,NO,
D-0647,constraint_falta,2,fleet,neumatico_operacion,,Agregar constraint al modelo,MEDIA,NO,
D-0648,constraint_falta,2,fleet,neumatico_operacion,,Agregar constraint al modelo,MEDIA,NO,
D-0649,indice_falta,2,fleet,neumatico_operacion,,Agregar indice al modelo,MEDIA,NO,
D-0650,indice_falta,2,fleet,neumatico_operacion,,Agregar indice al modelo,MEDIA,NO,
D-0651,indice_falta,2,fleet,neumatico_operacion,,Agregar indice al modelo,MEDIA,NO,
D-0652,indice_falta,2,fleet,neumatico_operacion,,Agregar indice al modelo,MEDIA,NO,
D-0653,indice_falta,2,fleet,neumatico_operacion,,Agregar indice al modelo,MEDIA,NO,
D-0654,tipo_desalineado,2,fleet,neumatico_operacion_detalle,created_at,Alinear tipo,MEDIA,SI,timestamp_naive_vs_tz
D-0655,constraint_desalineada,2,fleet,neumatico_operacion_detalle,,Alinear constraint,MEDIA,NO,
D-0656,constraint_nombre_desalineado,3,fleet,neumatico_operacion_detalle,,Alinear nombre de constraint,BAJA,NO,
D-0657,constraint_nombre_desalineado,3,fleet,neumatico_operacion_detalle,,Alinear nombre de constraint,BAJA,NO,
D-0658,constraint_falta,2,fleet,neumatico_operacion_detalle,,Agregar constraint al modelo,MEDIA,NO,
D-0659,constraint_falta,2,fleet,neumatico_operacion_detalle,,Agregar constraint al modelo,MEDIA,NO,
D-0660,constraint_falta,2,fleet,neumatico_operacion_detalle,,Agregar constraint al modelo,MEDIA,NO,
D-0661,indice_falta,2,fleet,neumatico_operacion_detalle,,Agregar indice al modelo,MEDIA,NO,
D-0662,indice_falta,2,fleet,neumatico_operacion_detalle,,Agregar indice al modelo,MEDIA,NO,
D-0663,indice_falta,2,fleet,neumatico_operacion_detalle,,Agregar indice al modelo,MEDIA,NO,
D-0664,tipo_desalineado,2,fleet,neumatico_sugerencia,created_at,Alinear tipo,MEDIA,SI,timestamp_naive_vs_tz
D-0665,tipo_desalineado,2,fleet,neumatico_sugerencia,fecha_atendida,Alinear tipo,MEDIA,SI,timestamp_naive_vs_tz
D-0666,tipo_desalineado,2,fleet,neumatico_sugerencia,fecha_generacion,Alinear tipo,MEDIA,SI,timestamp_naive_vs_tz
D-0667,tipo_desalineado,2,fleet,neumatico_sugerencia,updated_at,Alinear tipo,MEDIA,SI,timestamp_naive_vs_tz
D-0668,constraint_desalineada,2,fleet,neumatico_sugerencia,,Alinear constraint,MEDIA,NO,
D-0669,constraint_nombre_desalineado,3,fleet,neumatico_sugerencia,,Alinear nombre de constraint,BAJA,NO,
D-0670,constraint_nombre_desalineado,3,fleet,neumatico_sugerencia,,Alinear nombre de constraint,BAJA,NO,
D-0671,constraint_nombre_desalineado,3,fleet,neumatico_sugerencia,,Alinear nombre de constraint,BAJA,NO,
D-0672,constraint_nombre_desalineado,3,fleet,neumatico_sugerencia,,Alinear nombre de constraint,BAJA,NO,
D-0673,constraint_falta,2,fleet,neumatico_sugerencia,,Agregar constraint al modelo,MEDIA,NO,
D-0674,constraint_falta,2,fleet,neumatico_sugerencia,,Agregar constraint al modelo,MEDIA,NO,
D-0675,constraint_falta,2,fleet,neumatico_sugerencia,,Agregar constraint al modelo,MEDIA,NO,
D-0676,constraint_falta,2,fleet,neumatico_sugerencia,,Agregar constraint al modelo,MEDIA,NO,
D-0677,constraint_falta,2,fleet,neumatico_sugerencia,,Agregar constraint al modelo,MEDIA,NO,
D-0678,constraint_falta,2,fleet,neumatico_sugerencia,,Agregar constraint al modelo,MEDIA,NO,
D-0679,constraint_falta,2,fleet,neumatico_sugerencia,,Agregar constraint al modelo,MEDIA,NO,
D-0680,constraint_falta,2,fleet,neumatico_sugerencia,,Agregar constraint al modelo,MEDIA,NO,
D-0681,constraint_falta,2,fleet,neumatico_sugerencia,,Agregar constraint al modelo,MEDIA,NO,
D-0682,indice_falta,2,fleet,neumatico_sugerencia,,Agregar indice al modelo,MEDIA,NO,
D-0683,indice_falta,2,fleet,neumatico_sugerencia,,Agregar indice al modelo,MEDIA,NO,
D-0684,indice_falta,2,fleet,neumatico_sugerencia,,Agregar indice al modelo,MEDIA,NO,
D-0685,indice_falta,2,fleet,neumatico_sugerencia,,Agregar indice al modelo,MEDIA,NO,
D-0686,indice_falta,2,fleet,neumatico_sugerencia,,Agregar indice al modelo,MEDIA,NO,
D-0687,tipo_desalineado,2,fleet,neumatico_vehiculo,created_at,Alinear tipo,MEDIA,SI,timestamp_naive_vs_tz
D-0688,tipo_desalineado,2,fleet,neumatico_vehiculo,fecha_alta,Alinear tipo,MEDIA,SI,timestamp_naive_vs_tz
D-0689,tipo_desalineado,2,fleet,neumatico_vehiculo,fecha_baja,Alinear tipo,MEDIA,SI,timestamp_naive_vs_tz
D-0690,tipo_desalineado,2,fleet,neumatico_vehiculo,updated_at,Alinear tipo,MEDIA,SI,timestamp_naive_vs_tz
D-0691,constraint_desalineada,2,fleet,neumatico_vehiculo,,Alinear constraint,MEDIA,NO,
D-0692,constraint_nombre_desalineado,3,fleet,neumatico_vehiculo,,Alinear nombre de constraint,BAJA,NO,
D-0693,constraint_nombre_desalineado,3,fleet,neumatico_vehiculo,,Alinear nombre de constraint,BAJA,NO,
D-0694,constraint_falta,2,fleet,neumatico_vehiculo,,Agregar constraint al modelo,MEDIA,NO,
D-0695,constraint_falta,2,fleet,neumatico_vehiculo,,Agregar constraint al modelo,MEDIA,NO,
D-0696,constraint_falta,2,fleet,neumatico_vehiculo,,Agregar constraint al modelo,MEDIA,NO,
D-0697,constraint_falta,2,fleet,neumatico_vehiculo,,Agregar constraint al modelo,MEDIA,NO,
D-0698,constraint_falta,2,fleet,neumatico_vehiculo,,Agregar constraint al modelo,MEDIA,NO,
D-0699,constraint_falta,2,fleet,neumatico_vehiculo,,Agregar constraint al modelo,MEDIA,NO,
D-0700,constraint_falta,2,fleet,neumatico_vehiculo,,Agregar constraint al modelo,MEDIA,NO,
D-0701,constraint_falta,2,fleet,neumatico_vehiculo,,Agregar constraint al modelo,MEDIA,NO,
D-0702,constraint_falta,2,fleet,neumatico_vehiculo,,Agregar constraint al modelo,MEDIA,NO,
D-0703,constraint_falta,2,fleet,neumatico_vehiculo,,Agregar constraint al modelo,MEDIA,NO,
D-0704,indice_falta,2,fleet,neumatico_vehiculo,,Agregar indice al modelo,MEDIA,NO,
D-0705,indice_falta,2,fleet,neumatico_vehiculo,,Agregar indice al modelo,MEDIA,NO,
D-0706,indice_falta,2,fleet,neumatico_vehiculo,,Agregar indice al modelo,MEDIA,NO,
D-0707,indice_falta,2,fleet,neumatico_vehiculo,,Agregar indice al modelo,MEDIA,NO,
D-0708,indice_falta,2,fleet,neumatico_vehiculo,,Agregar indice al modelo,MEDIA,NO,
D-0709,indice_falta,2,fleet,neumatico_vehiculo,,Agregar indice al modelo,MEDIA,NO,
D-0710,nullable_desalineado,2,fleet,notificacion_vencimiento,created_at,Alinear nullable,MEDIA,NO,
D-0711,nullable_desalineado,2,fleet,notificacion_vencimiento,email_enviado,Alinear nullable,MEDIA,NO,
D-0712,comment_desalineado,3,fleet,notificacion_vencimiento,entidad_tipo,Alinear comment,BAJA,NO,
D-0713,comment_desalineado,3,fleet,notificacion_vencimiento,nivel,Alinear comment,BAJA,NO,
D-0714,nullable_desalineado,2,fleet,notificacion_vencimiento,sms_enviado,Alinear nullable,MEDIA,NO,
D-0715,constraint_desalineada,2,fleet,notificacion_vencimiento,,Alinear constraint,MEDIA,NO,
D-0716,constraint_falta,2,fleet,notificacion_vencimiento,,Agregar constraint al modelo,MEDIA,NO,
D-0717,constraint_falta,2,fleet,notificacion_vencimiento,,Agregar constraint al modelo,MEDIA,NO,
D-0718,constraint_falta,2,fleet,notificacion_vencimiento,,Agregar constraint al modelo,MEDIA,NO,
D-0719,constraint_falta,2,fleet,notificacion_vencimiento,,Agregar constraint al modelo,MEDIA,NO,
D-0720,constraint_falta,2,fleet,notificacion_vencimiento,,Agregar constraint al modelo,MEDIA,NO,
D-0721,constraint_falta,2,fleet,notificacion_vencimiento,,Agregar constraint al modelo,MEDIA,NO,
D-0722,constraint_falta,2,fleet,notificacion_vencimiento,,Agregar constraint al modelo,MEDIA,NO,
D-0723,constraint_falta,2,fleet,notificacion_vencimiento,,Agregar constraint al modelo,MEDIA,NO,
D-0724,constraint_falta,2,fleet,notificacion_vencimiento,,Agregar constraint al modelo,MEDIA,NO,
D-0725,constraint_falta,2,fleet,notificacion_vencimiento,,Agregar constraint al modelo,MEDIA,NO,
D-0726,constraint_falta,2,fleet,notificacion_vencimiento,,Agregar constraint al modelo,MEDIA,NO,
D-0727,indice_falta,2,fleet,notificacion_vencimiento,,Agregar indice al modelo,MEDIA,NO,
D-0728,indice_falta,2,fleet,notificacion_vencimiento,,Agregar indice al modelo,MEDIA,NO,
D-0729,indice_falta,2,fleet,notificacion_vencimiento,,Agregar indice al modelo,MEDIA,NO,
D-0730,indice_falta,2,fleet,notificacion_vencimiento,,Agregar indice al modelo,MEDIA,NO,
D-0731,indice_falta,2,fleet,notificacion_vencimiento,,Agregar indice al modelo,MEDIA,NO,
D-0732,indice_falta,2,fleet,notificacion_vencimiento,,Agregar indice al modelo,MEDIA,NO,
D-0733,indice_falta,2,fleet,notificacion_vencimiento,,Agregar indice al modelo,MEDIA,NO,
D-0734,nullable_desalineado,2,fleet,propietario_vehiculo,created_at,Alinear nullable,MEDIA,NO,
D-0735,nullable_desalineado,2,fleet,propietario_vehiculo,porcentaje_participacion,Alinear nullable,MEDIA,NO,
D-0736,constraint_desalineada,2,fleet,propietario_vehiculo,,Alinear constraint,MEDIA,NO,
D-0737,constraint_nombre_desalineado,3,fleet,propietario_vehiculo,,Alinear nombre de constraint,BAJA,NO,
D-0738,constraint_nombre_desalineado,3,fleet,propietario_vehiculo,,Alinear nombre de constraint,BAJA,NO,
D-0739,constraint_falta,2,fleet,propietario_vehiculo,,Agregar constraint al modelo,MEDIA,NO,
D-0740,constraint_falta,2,fleet,propietario_vehiculo,,Agregar constraint al modelo,MEDIA,NO,
D-0741,constraint_falta,2,fleet,propietario_vehiculo,,Agregar constraint al modelo,MEDIA,NO,
D-0742,constraint_falta,2,fleet,propietario_vehiculo,,Agregar constraint al modelo,MEDIA,NO,
D-0743,constraint_falta,2,fleet,propietario_vehiculo,,Agregar constraint al modelo,MEDIA,NO,
D-0744,constraint_falta,2,fleet,propietario_vehiculo,,Agregar constraint al modelo,MEDIA,NO,
D-0745,indice_falta,2,fleet,propietario_vehiculo,,Agregar indice al modelo,MEDIA,NO,
D-0746,indice_falta,2,fleet,propietario_vehiculo,,Agregar indice al modelo,MEDIA,NO,
D-0747,indice_falta,2,fleet,propietario_vehiculo,,Agregar indice al modelo,MEDIA,NO,
D-0748,comment_desalineado,1,fleet,turno_chofer,snapshot_dia_contractual,Alinear comment,ALTA,NO,
D-0749,constraint_desalineada,1,fleet,turno_chofer,,Alinear constraint,ALTA,NO,
D-0750,constraint_nombre_desalineado,1,fleet,turno_chofer,,Alinear nombre de constraint,ALTA,NO,
D-0751,constraint_nombre_desalineado,1,fleet,turno_chofer,,Alinear nombre de constraint,ALTA,NO,
D-0752,constraint_nombre_desalineado,1,fleet,turno_chofer,,Alinear nombre de constraint,ALTA,NO,
D-0753,constraint_falta,1,fleet,turno_chofer,,Agregar constraint al modelo,ALTA,NO,
D-0754,constraint_falta,1,fleet,turno_chofer,,Agregar constraint al modelo,ALTA,NO,
D-0755,constraint_falta,1,fleet,turno_chofer,,Agregar constraint al modelo,ALTA,NO,
D-0756,constraint_falta,1,fleet,turno_chofer,,Agregar constraint al modelo,ALTA,NO,
D-0757,constraint_falta,1,fleet,turno_chofer,,Agregar constraint al modelo,ALTA,NO,
D-0758,constraint_falta,1,fleet,turno_chofer,,Agregar constraint al modelo,ALTA,NO,
D-0759,constraint_falta,1,fleet,turno_chofer,,Agregar constraint al modelo,ALTA,NO,
D-0760,constraint_falta,1,fleet,turno_chofer,,Agregar constraint al modelo,ALTA,NO,
D-0761,constraint_sobra,1,fleet,turno_chofer,,Eliminar constraint del modelo,ALTA,NO,
D-0762,indice_falta,1,fleet,turno_chofer,,Agregar indice al modelo,ALTA,NO,
D-0763,indice_falta,1,fleet,turno_chofer,,Agregar indice al modelo,ALTA,NO,
D-0764,indice_falta,1,fleet,turno_chofer,,Agregar indice al modelo,ALTA,NO,
D-0765,indice_falta,1,fleet,turno_chofer,,Agregar indice al modelo,ALTA,NO,
D-0766,indice_falta,1,fleet,turno_chofer,,Agregar indice al modelo,ALTA,NO,
D-0767,nullable_desalineado,1,fleet,vehiculo,activo,Alinear nullable,ALTA,NO,
D-0768,nullable_desalineado,1,fleet,vehiculo,capacidad,Alinear nullable,ALTA,NO,
D-0769,nullable_desalineado,1,fleet,vehiculo,control_base_id,Alinear nullable,ALTA,NO,
D-0770,nullable_desalineado,1,fleet,vehiculo,created_at,Alinear nullable,ALTA,NO,
D-0771,nullable_desalineado,1,fleet,vehiculo,qr_activo,Alinear nullable,ALTA,NO,
D-0772,nullable_desalineado,1,fleet,vehiculo,qr_uuid,Alinear nullable,ALTA,NO,
D-0773,nullable_desalineado,1,fleet,vehiculo,updated_at,Alinear nullable,ALTA,NO,
D-0774,constraint_desalineada,1,fleet,vehiculo,,Alinear constraint,ALTA,NO,
D-0775,constraint_nombre_desalineado,1,fleet,vehiculo,,Alinear nombre de constraint,ALTA,NO,
D-0776,constraint_falta,1,fleet,vehiculo,,Agregar constraint al modelo,ALTA,NO,
D-0777,constraint_sobra,1,fleet,vehiculo,,Eliminar constraint del modelo,ALTA,NO,
D-0778,constraint_falta,1,fleet,vehiculo,,Agregar constraint al modelo,ALTA,NO,
D-0779,constraint_falta,1,fleet,vehiculo,,Agregar constraint al modelo,ALTA,NO,
D-0780,constraint_falta,1,fleet,vehiculo,,Agregar constraint al modelo,ALTA,NO,
D-0781,constraint_falta,1,fleet,vehiculo,,Agregar constraint al modelo,ALTA,NO,
D-0782,constraint_falta,1,fleet,vehiculo,,Agregar constraint al modelo,ALTA,NO,
D-0783,constraint_falta,1,fleet,vehiculo,,Agregar constraint al modelo,ALTA,NO,
D-0784,constraint_falta,1,fleet,vehiculo,,Agregar constraint al modelo,ALTA,NO,
D-0785,indice_falta,1,fleet,vehiculo,,Agregar indice al modelo,ALTA,NO,
D-0786,indice_falta,1,fleet,vehiculo,,Agregar indice al modelo,ALTA,NO,
D-0787,indice_falta,1,fleet,vehiculo,,Agregar indice al modelo,ALTA,NO,
D-0788,indice_falta,1,fleet,vehiculo,,Agregar indice al modelo,ALTA,NO,
D-0789,indice_nombre_desalineado,1,fleet,vehiculo,,Alinear nombre de indice,ALTA,NO,
D-0790,nullable_desalineado,2,geo,ciudad,created_at,Alinear nullable,MEDIA,NO,
D-0791,nullable_desalineado,2,geo,ciudad,provincia_id,Alinear nullable,MEDIA,NO,
D-0792,constraint_desalineada,2,geo,ciudad,,Alinear constraint,MEDIA,NO,
D-0793,constraint_nombre_desalineado,3,geo,ciudad,,Alinear nombre de constraint,BAJA,NO,
D-0794,constraint_falta,2,geo,ciudad,,Agregar constraint al modelo,MEDIA,NO,
D-0795,constraint_falta,2,geo,ciudad,,Agregar constraint al modelo,MEDIA,NO,
D-0796,indice_falta,2,geo,ciudad,,Agregar indice al modelo,MEDIA,NO,
D-0797,indice_falta,2,geo,ciudad,,Agregar indice al modelo,MEDIA,NO,
D-0798,nullable_desalineado,2,geo,pais,created_at,Alinear nullable,MEDIA,NO,
D-0799,constraint_desalineada,2,geo,pais,,Alinear constraint,MEDIA,NO,
D-0800,constraint_falta,2,geo,pais,,Agregar constraint al modelo,MEDIA,NO,
D-0801,constraint_falta,2,geo,pais,,Agregar constraint al modelo,MEDIA,NO,
D-0802,indice_falta,2,geo,pais,,Agregar indice al modelo,MEDIA,NO,
D-0803,nullable_desalineado,2,geo,provincia,created_at,Alinear nullable,MEDIA,NO,
D-0804,nullable_desalineado,2,geo,provincia,pais_id,Alinear nullable,MEDIA,NO,
D-0805,constraint_desalineada,2,geo,provincia,,Alinear constraint,MEDIA,NO,
D-0806,constraint_nombre_desalineado,3,geo,provincia,,Alinear nombre de constraint,BAJA,NO,
D-0807,constraint_falta,2,geo,provincia,,Agregar constraint al modelo,MEDIA,NO,
D-0808,constraint_falta,2,geo,provincia,,Agregar constraint al modelo,MEDIA,NO,
D-0809,indice_falta,2,geo,provincia,,Agregar indice al modelo,MEDIA,NO,
D-0810,nullable_desalineado,2,notification,notificacion,created_at,Alinear nullable,MEDIA,NO,
D-0811,nullable_desalineado,2,notification,notificacion,leida,Alinear nullable,MEDIA,NO,
D-0812,constraint_desalineada,2,notification,notificacion,,Alinear constraint,MEDIA,NO,
D-0813,constraint_nombre_desalineado,3,notification,notificacion,,Alinear nombre de constraint,BAJA,NO,
D-0814,constraint_falta,2,notification,notificacion,,Agregar constraint al modelo,MEDIA,NO,
D-0815,constraint_falta,2,notification,notificacion,,Agregar constraint al modelo,MEDIA,NO,
D-0816,constraint_falta,2,notification,notificacion,,Agregar constraint al modelo,MEDIA,NO,
D-0817,constraint_falta,2,notification,notificacion,,Agregar constraint al modelo,MEDIA,NO,
D-0818,indice_falta,2,notification,notificacion,,Agregar indice al modelo,MEDIA,NO,
D-0819,indice_sobra,2,notification,notificacion,,Eliminar indice del modelo,MEDIA,NO,
D-0820,indice_sobra,2,notification,notificacion,,Eliminar indice del modelo,MEDIA,NO,
D-0821,nullable_desalineado,2,payment,billetera,created_at,Alinear nullable,MEDIA,NO,
D-0822,nullable_desalineado,2,payment,billetera,moneda,Alinear nullable,MEDIA,NO,
D-0823,tipo_desalineado,2,payment,billetera,saldo,Alinear tipo,MEDIA,NO,
D-0824,nullable_desalineado,2,payment,billetera,saldo,Alinear nullable,MEDIA,NO,
D-0825,nullable_desalineado,2,payment,billetera,updated_at,Alinear nullable,MEDIA,NO,
D-0826,constraint_desalineada,2,payment,billetera,,Alinear constraint,MEDIA,NO,
D-0827,constraint_nombre_desalineado,3,payment,billetera,,Alinear nombre de constraint,BAJA,NO,
D-0828,constraint_falta,2,payment,billetera,,Agregar constraint al modelo,MEDIA,NO,
D-0829,constraint_falta,2,payment,billetera,,Agregar constraint al modelo,MEDIA,NO,
D-0830,constraint_falta,2,payment,billetera,,Agregar constraint al modelo,MEDIA,NO,
D-0831,indice_falta,2,payment,billetera,,Agregar indice al modelo,MEDIA,NO,
D-0832,indice_nombre_desalineado,3,payment,billetera,,Alinear nombre de indice,BAJA,NO,
D-0833,nullable_desalineado,2,payment,configuracion_tarifa,created_at,Alinear nullable,MEDIA,NO,
D-0834,comment_desalineado,3,payment,configuracion_tarifa,descripcion,Alinear comment,BAJA,NO,
D-0835,tipo_desalineado,2,payment,configuracion_tarifa,distancia_por_ficha,Alinear tipo,MEDIA,NO,
D-0836,comment_desalineado,3,payment,configuracion_tarifa,distancia_por_ficha,Alinear comment,BAJA,NO,
D-0837,comment_desalineado,3,payment,configuracion_tarifa,hora_fin_nocturno,Alinear comment,BAJA,NO,
D-0838,comment_desalineado,3,payment,configuracion_tarifa,hora_inicio_nocturno,Alinear comment,BAJA,NO,
D-0839,tipo_desalineado,2,payment,configuracion_tarifa,metros_por_ficha,Alinear tipo,MEDIA,NO,
D-0840,nullable_desalineado,2,payment,configuracion_tarifa,metros_por_ficha,Alinear nullable,MEDIA,NO,
D-0841,comment_desalineado,3,payment,configuracion_tarifa,modo_calculo,Alinear comment,BAJA,NO,
D-0842,tipo_desalineado,2,payment,configuracion_tarifa,modo_cobro_tiempo,Alinear tipo,MEDIA,NO,
D-0843,nullable_desalineado,2,payment,configuracion_tarifa,modo_cobro_tiempo,Alinear nullable,MEDIA,NO,
D-0844,comment_desalineado,3,payment,configuracion_tarifa,moneda,Alinear comment,BAJA,NO,
D-0845,tipo_desalineado,2,payment,configuracion_tarifa,precio_por_ficha,Alinear tipo,MEDIA,NO,
D-0846,comment_desalineado,3,payment,configuracion_tarifa,precio_por_ficha,Alinear comment,BAJA,NO,
D-0847,tipo_desalineado,2,payment,configuracion_tarifa,precio_por_km,Alinear tipo,MEDIA,NO,
D-0848,tipo_desalineado,2,payment,configuracion_tarifa,precio_por_minuto,Alinear tipo,MEDIA,NO,
D-0849,tipo_desalineado,2,payment,configuracion_tarifa,precio_por_minuto_espera,Alinear tipo,MEDIA,NO,
D-0850,comment_desalineado,3,payment,configuracion_tarifa,precio_por_minuto_espera,Alinear comment,BAJA,NO,
D-0851,tipo_desalineado,2,payment,configuracion_tarifa,recargo_domingo,Alinear tipo,MEDIA,NO,
D-0852,comment_desalineado,3,payment,configuracion_tarifa,recargo_domingo,Alinear comment,BAJA,NO,
D-0853,tipo_desalineado,2,payment,configuracion_tarifa,recargo_feriado,Alinear tipo,MEDIA,NO,
D-0854,tipo_desalineado,2,payment,configuracion_tarifa,recargo_nocturno,Alinear tipo,MEDIA,NO,
D-0855,nullable_desalineado,2,payment,configuracion_tarifa,redondeo_comercial,Alinear nullable,MEDIA,NO,
D-0856,tipo_desalineado,2,payment,configuracion_tarifa,seg_por_ficha_espera,Alinear tipo,MEDIA,NO,
D-0857,nullable_desalineado,2,payment,configuracion_tarifa,seg_por_ficha_espera,Alinear nullable,MEDIA,NO,
D-0858,tipo_desalineado,2,payment,configuracion_tarifa,tarifa_base,Alinear tipo,MEDIA,NO,
D-0859,nullable_desalineado,2,payment,configuracion_tarifa,updated_at,Alinear nullable,MEDIA,NO,
D-0860,tipo_desalineado,2,payment,configuracion_tarifa,velocidad_referencia_kmh,Alinear tipo,MEDIA,NO,
D-0861,nullable_desalineado,2,payment,configuracion_tarifa,velocidad_referencia_kmh,Alinear nullable,MEDIA,NO,
D-0862,tipo_desalineado,2,payment,configuracion_tarifa,velocidad_umbral_kmh,Alinear tipo,MEDIA,NO,
D-0863,nullable_desalineado,2,payment,configuracion_tarifa,velocidad_umbral_kmh,Alinear nullable,MEDIA,NO,
D-0864,constraint_desalineada,2,payment,configuracion_tarifa,,Alinear constraint,MEDIA,NO,
D-0865,constraint_nombre_desalineado,3,payment,configuracion_tarifa,,Alinear nombre de constraint,BAJA,NO,
D-0866,constraint_falta,2,payment,configuracion_tarifa,,Agregar constraint al modelo,MEDIA,NO,
D-0867,constraint_falta,2,payment,configuracion_tarifa,,Agregar constraint al modelo,MEDIA,NO,
D-0868,constraint_falta,2,payment,configuracion_tarifa,,Agregar constraint al modelo,MEDIA,NO,
D-0869,constraint_falta,2,payment,configuracion_tarifa,,Agregar constraint al modelo,MEDIA,NO,
D-0870,constraint_falta,2,payment,configuracion_tarifa,,Agregar constraint al modelo,MEDIA,NO,
D-0871,constraint_falta,2,payment,configuracion_tarifa,,Agregar constraint al modelo,MEDIA,NO,
D-0872,constraint_falta,2,payment,configuracion_tarifa,,Agregar constraint al modelo,MEDIA,NO,
D-0873,constraint_falta,2,payment,configuracion_tarifa,,Agregar constraint al modelo,MEDIA,NO,
D-0874,indice_falta,2,payment,configuracion_tarifa,,Agregar indice al modelo,MEDIA,NO,
D-0875,indice_sobra,2,payment,configuracion_tarifa,,Eliminar indice del modelo,MEDIA,NO,
D-0876,tipo_desalineado,2,payment,configuracion_tarifa_vehiculo,factor_precio,Alinear tipo,MEDIA,NO,
D-0877,tipo_desalineado,2,payment,configuracion_tarifa_vehiculo,tipo_vehiculo_id,Alinear tipo,MEDIA,NO,
D-0878,constraint_desalineada,2,payment,configuracion_tarifa_vehiculo,,Alinear constraint,MEDIA,NO,
D-0879,constraint_nombre_desalineado,3,payment,configuracion_tarifa_vehiculo,,Alinear nombre de constraint,BAJA,NO,
D-0880,constraint_nombre_desalineado,3,payment,configuracion_tarifa_vehiculo,,Alinear nombre de constraint,BAJA,NO,
D-0881,constraint_falta,2,payment,configuracion_tarifa_vehiculo,,Agregar constraint al modelo,MEDIA,NO,
D-0882,constraint_falta,2,payment,configuracion_tarifa_vehiculo,,Agregar constraint al modelo,MEDIA,NO,
D-0883,constraint_falta,2,payment,configuracion_tarifa_vehiculo,,Agregar constraint al modelo,MEDIA,NO,
D-0884,constraint_falta,2,payment,configuracion_tarifa_vehiculo,,Agregar constraint al modelo,MEDIA,NO,
D-0885,constraint_falta,2,payment,configuracion_tarifa_vehiculo,,Agregar constraint al modelo,MEDIA,NO,
D-0886,constraint_falta,2,payment,configuracion_tarifa_vehiculo,,Agregar constraint al modelo,MEDIA,NO,
D-0887,constraint_falta,2,payment,configuracion_tarifa_vehiculo,,Agregar constraint al modelo,MEDIA,NO,
D-0888,indice_falta,2,payment,configuracion_tarifa_vehiculo,,Agregar indice al modelo,MEDIA,NO,
D-0889,indice_falta,2,payment,configuracion_tarifa_vehiculo,,Agregar indice al modelo,MEDIA,NO,
D-0890,nullable_desalineado,2,payment,factura_empresa,created_at,Alinear nullable,MEDIA,NO,
D-0891,tipo_desalineado,2,payment,factura_empresa,descuento,Alinear tipo,MEDIA,NO,
D-0892,nullable_desalineado,2,payment,factura_empresa,descuento,Alinear nullable,MEDIA,NO,
D-0893,nullable_desalineado,2,payment,factura_empresa,estado,Alinear nullable,MEDIA,NO,
D-0894,tipo_desalineado,2,payment,factura_empresa,total,Alinear tipo,MEDIA,NO,
D-0895,tipo_desalineado,2,payment,factura_empresa,total_final,Alinear tipo,MEDIA,NO,
D-0896,constraint_desalineada,2,payment,factura_empresa,,Alinear constraint,MEDIA,NO,
D-0897,constraint_nombre_desalineado,3,payment,factura_empresa,,Alinear nombre de constraint,BAJA,NO,
D-0898,constraint_falta,2,payment,factura_empresa,,Agregar constraint al modelo,MEDIA,NO,
D-0899,constraint_falta,2,payment,factura_empresa,,Agregar constraint al modelo,MEDIA,NO,
D-0900,constraint_falta,2,payment,factura_empresa,,Agregar constraint al modelo,MEDIA,NO,
D-0901,indice_falta,2,payment,factura_empresa,,Agregar indice al modelo,MEDIA,NO,
D-0902,constraint_desalineada,2,payment,metodo_pago,,Alinear constraint,MEDIA,NO,
D-0903,constraint_sobra,2,payment,metodo_pago,,Eliminar constraint del modelo,MEDIA,NO,
D-0904,constraint_falta,2,payment,metodo_pago,,Agregar constraint al modelo,MEDIA,NO,
D-0905,constraint_falta,2,payment,metodo_pago,,Agregar constraint al modelo,MEDIA,NO,
D-0906,indice_falta,2,payment,metodo_pago,,Agregar indice al modelo,MEDIA,NO,
D-0907,nullable_desalineado,2,payment,pago_empresa,created_at,Alinear nullable,MEDIA,NO,
D-0908,nullable_desalineado,2,payment,pago_empresa,estado,Alinear nullable,MEDIA,NO,
D-0909,nullable_desalineado,2,payment,pago_empresa,fecha_pago,Alinear nullable,MEDIA,NO,
D-0910,tipo_desalineado,2,payment,pago_empresa,monto,Alinear tipo,MEDIA,NO,
D-0911,nullable_desalineado,2,payment,pago_empresa,updated_at,Alinear nullable,MEDIA,NO,
D-0912,constraint_desalineada,2,payment,pago_empresa,,Alinear constraint,MEDIA,NO,
D-0913,constraint_nombre_desalineado,3,payment,pago_empresa,,Alinear nombre de constraint,BAJA,NO,
D-0914,constraint_nombre_desalineado,3,payment,pago_empresa,,Alinear nombre de constraint,BAJA,NO,
D-0915,constraint_nombre_desalineado,3,payment,pago_empresa,,Alinear nombre de constraint,BAJA,NO,
D-0916,constraint_falta,2,payment,pago_empresa,,Agregar constraint al modelo,MEDIA,NO,
D-0917,constraint_falta,2,payment,pago_empresa,,Agregar constraint al modelo,MEDIA,NO,
D-0918,constraint_falta,2,payment,pago_empresa,,Agregar constraint al modelo,MEDIA,NO,
D-0919,constraint_falta,2,payment,pago_empresa,,Agregar constraint al modelo,MEDIA,NO,
D-0920,constraint_falta,2,payment,pago_empresa,,Agregar constraint al modelo,MEDIA,NO,
D-0921,constraint_falta,2,payment,pago_empresa,,Agregar constraint al modelo,MEDIA,NO,
D-0922,indice_falta,2,payment,pago_empresa,,Agregar indice al modelo,MEDIA,NO,
D-0923,indice_falta,2,payment,pago_empresa,,Agregar indice al modelo,MEDIA,NO,
D-0924,indice_falta,2,payment,pago_empresa,,Agregar indice al modelo,MEDIA,NO,
D-0925,indice_falta,2,payment,pago_empresa,,Agregar indice al modelo,MEDIA,NO,
D-0926,indice_falta,2,payment,pago_empresa,,Agregar indice al modelo,MEDIA,NO,
D-0927,nullable_desalineado,1,payment,transaccion,billetera_id,Alinear nullable,ALTA,NO,
D-0928,nullable_desalineado,1,payment,transaccion,created_at,Alinear nullable,ALTA,NO,
D-0929,tipo_desalineado,1,payment,transaccion,monto,Alinear tipo,ALTA,NO,
D-0930,tipo_desalineado,1,payment,transaccion,saldo_despues,Alinear tipo,ALTA,NO,
D-0931,constraint_desalineada,1,payment,transaccion,,Alinear constraint,ALTA,NO,
D-0932,constraint_nombre_desalineado,1,payment,transaccion,,Alinear nombre de constraint,ALTA,NO,
D-0933,constraint_nombre_desalineado,1,payment,transaccion,,Alinear nombre de constraint,ALTA,NO,
D-0934,constraint_nombre_desalineado,1,payment,transaccion,,Alinear nombre de constraint,ALTA,NO,
D-0935,constraint_falta,1,payment,transaccion,,Agregar constraint al modelo,ALTA,NO,
D-0936,indice_falta,1,payment,transaccion,,Agregar indice al modelo,ALTA,NO,
D-0937,indice_sobra,1,payment,transaccion,,Eliminar indice del modelo,ALTA,NO,
D-0938,nullable_desalineado,2,public,comercio,activo,Alinear nullable,MEDIA,NO,
D-0939,nullable_desalineado,2,public,comercio,created_at,Alinear nullable,MEDIA,NO,
D-0940,tipo_desalineado,2,public,comercio,latitud,Alinear tipo,MEDIA,NO,
D-0941,tipo_desalineado,2,public,comercio,longitud,Alinear tipo,MEDIA,NO,
D-0942,nullable_desalineado,2,public,comercio,updated_at,Alinear nullable,MEDIA,NO,
D-0943,constraint_desalineada,2,public,comercio,,Alinear constraint,MEDIA,NO,
D-0944,constraint_nombre_desalineado,3,public,comercio,,Alinear nombre de constraint,BAJA,NO,
D-0945,constraint_falta,2,public,comercio,,Agregar constraint al modelo,MEDIA,NO,
D-0946,constraint_sobra,2,public,comercio,,Eliminar constraint del modelo,MEDIA,NO,
D-0947,constraint_falta,2,public,comercio,,Agregar constraint al modelo,MEDIA,NO,
D-0948,constraint_falta,2,public,comercio,,Agregar constraint al modelo,MEDIA,NO,
D-0949,constraint_falta,2,public,comercio,,Agregar constraint al modelo,MEDIA,NO,
D-0950,constraint_falta,2,public,comercio,,Agregar constraint al modelo,MEDIA,NO,
D-0951,constraint_falta,2,public,comercio,,Agregar constraint al modelo,MEDIA,NO,
D-0952,constraint_falta,2,public,comercio,,Agregar constraint al modelo,MEDIA,NO,
D-0953,constraint_falta,2,public,comercio,,Agregar constraint al modelo,MEDIA,NO,
D-0954,indice_falta,2,public,comercio,,Agregar indice al modelo,MEDIA,NO,
D-0955,indice_falta,2,public,comercio,,Agregar indice al modelo,MEDIA,NO,
D-0956,nullable_desalineado,2,public,escaneo_qr,created_at,Alinear nullable,MEDIA,NO,
D-0957,comment_desalineado,3,public,escaneo_qr,resultado,Alinear comment,BAJA,NO,
D-0958,nullable_desalineado,2,public,escaneo_qr,tipo_qr,Alinear nullable,MEDIA,NO,
D-0959,comment_desalineado,3,public,escaneo_qr,tipo_qr,Alinear comment,BAJA,NO,
D-0960,constraint_desalineada,2,public,escaneo_qr,,Alinear constraint,MEDIA,NO,
D-0961,constraint_nombre_desalineado,3,public,escaneo_qr,,Alinear nombre de constraint,BAJA,NO,
D-0962,constraint_nombre_desalineado,3,public,escaneo_qr,,Alinear nombre de constraint,BAJA,NO,
D-0963,constraint_nombre_desalineado,3,public,escaneo_qr,,Alinear nombre de constraint,BAJA,NO,
D-0964,constraint_nombre_desalineado,3,public,escaneo_qr,,Alinear nombre de constraint,BAJA,NO,
D-0965,constraint_falta,2,public,escaneo_qr,,Agregar constraint al modelo,MEDIA,NO,
D-0966,constraint_falta,2,public,escaneo_qr,,Agregar constraint al modelo,MEDIA,NO,
D-0967,constraint_falta,2,public,escaneo_qr,,Agregar constraint al modelo,MEDIA,NO,
D-0968,indice_falta,2,public,escaneo_qr,,Agregar indice al modelo,MEDIA,NO,
D-0969,indice_falta,2,public,escaneo_qr,,Agregar indice al modelo,MEDIA,NO,
D-0970,indice_falta,2,public,escaneo_qr,,Agregar indice al modelo,MEDIA,NO,
D-0971,indice_falta,2,public,escaneo_qr,,Agregar indice al modelo,MEDIA,NO,
D-0972,indice_falta,2,public,escaneo_qr,,Agregar indice al modelo,MEDIA,NO,
D-0973,indice_falta,2,public,escaneo_qr,,Agregar indice al modelo,MEDIA,NO,
D-0974,columna_falta,2,tenant,configuracion_tenant,canon_mensual_por_vehiculo,Agregar columna al modelo,MEDIA,NO,
D-0975,columna_falta,2,tenant,configuracion_tenant,comision_credito,Agregar columna al modelo,MEDIA,NO,
D-0976,columna_falta,2,tenant,configuracion_tenant,comision_debito,Agregar columna al modelo,MEDIA,NO,
D-0977,columna_falta,2,tenant,configuracion_tenant,comision_qr,Agregar columna al modelo,MEDIA,NO,
D-0978,columna_falta,2,tenant,configuracion_tenant,costo_combustible_por_km,Agregar columna al modelo,MEDIA,NO,
D-0979,columna_falta,2,tenant,configuracion_tenant,costo_impuesto_por_dia,Agregar columna al modelo,MEDIA,NO,
D-0980,columna_falta,2,tenant,configuracion_tenant,costo_mantenimiento_por_dia,Agregar columna al modelo,MEDIA,NO,
D-0981,columna_falta,2,tenant,configuracion_tenant,costo_seguro_por_dia,Agregar columna al modelo,MEDIA,NO,
D-0982,columna_falta,2,tenant,configuracion_tenant,depreciacion_vehiculo_por_dia,Agregar columna al modelo,MEDIA,NO,
D-0983,columna_falta,2,tenant,configuracion_tenant,factor_desgaste_delantero,Agregar columna al modelo,MEDIA,NO,
D-0984,columna_falta,2,tenant,configuracion_tenant,idc,Agregar columna al modelo,MEDIA,NO,
D-0985,columna_falta,2,tenant,configuracion_tenant,iibb,Agregar columna al modelo,MEDIA,NO,
D-0986,columna_falta,2,tenant,configuracion_tenant,iva,Agregar columna al modelo,MEDIA,NO,
D-0987,columna_falta,2,tenant,configuracion_tenant,mix_credito,Agregar columna al modelo,MEDIA,NO,
D-0988,columna_falta,2,tenant,configuracion_tenant,mix_debito,Agregar columna al modelo,MEDIA,NO,
D-0989,columna_falta,2,tenant,configuracion_tenant,mix_efectivo,Agregar columna al modelo,MEDIA,NO,
D-0990,columna_falta,2,tenant,configuracion_tenant,mix_qr,Agregar columna al modelo,MEDIA,NO,
D-0991,columna_falta,2,tenant,configuracion_tenant,mix_transferencia,Agregar columna al modelo,MEDIA,NO,
D-0992,columna_falta,2,tenant,configuracion_tenant,porcentaje_taxip_por_viaje,Agregar columna al modelo,MEDIA,NO,
D-0993,columna_falta,2,tenant,configuracion_tenant,profundidad_minima_neumaticos_mm,Agregar columna al modelo,MEDIA,NO,
D-0994,columna_falta,2,tenant,configuracion_tenant,umbral_cambio_neumaticos_km,Agregar columna al modelo,MEDIA,NO,
D-0995,columna_falta,2,tenant,configuracion_tenant,umbral_rotacion_neumaticos_km,Agregar columna al modelo,MEDIA,NO,
D-0996,columna_falta,2,tenant,configuracion_tenant,vida_util_neumaticos_km,Agregar columna al modelo,MEDIA,NO,
D-0997,nullable_desalineado,2,tenant,configuracion_tenant,control_base_id,Alinear nullable,MEDIA,NO,
D-0998,nullable_desalineado,2,tenant,configuracion_tenant,created_at,Alinear nullable,MEDIA,NO,
D-0999,nullable_desalineado,2,tenant,configuracion_tenant,habilitar_fidelizacion,Alinear nullable,MEDIA,NO,
D-1000,nullable_desalineado,2,tenant,configuracion_tenant,habilitar_pagos_online,Alinear nullable,MEDIA,NO,
D-1001,nullable_desalineado,2,tenant,configuracion_tenant,idioma,Alinear nullable,MEDIA,NO,
D-1002,nullable_desalineado,2,tenant,configuracion_tenant,moneda_default,Alinear nullable,MEDIA,NO,
D-1003,nullable_desalineado,2,tenant,configuracion_tenant,timezone,Alinear nullable,MEDIA,NO,
D-1004,constraint_desalineada,2,tenant,configuracion_tenant,,Alinear constraint,MEDIA,NO,
D-1005,constraint_nombre_desalineado,3,tenant,configuracion_tenant,,Alinear nombre de constraint,BAJA,NO,
D-1006,constraint_sobra,2,tenant,configuracion_tenant,,Eliminar constraint del modelo,MEDIA,NO,
D-1007,constraint_falta,2,tenant,configuracion_tenant,,Agregar constraint al modelo,MEDIA,NO,
D-1008,indice_falta,2,tenant,configuracion_tenant,,Agregar indice al modelo,MEDIA,NO,
D-1009,nullable_desalineado,1,tenant,control_base,activo,Alinear nullable,ALTA,NO,
D-1010,nullable_desalineado,1,tenant,control_base,created_at,Alinear nullable,ALTA,NO,
D-1011,tipo_desalineado,1,tenant,control_base,email,Alinear tipo,ALTA,NO,
D-1012,tipo_desalineado,1,tenant,control_base,latitud,Alinear tipo,ALTA,SI,orm_mal_db_bien
D-1013,tipo_desalineado,1,tenant,control_base,longitud,Alinear tipo,ALTA,SI,orm_mal_db_bien
D-1014,tipo_desalineado,1,tenant,control_base,motivo_suspension,Alinear tipo,ALTA,NO,
D-1015,tipo_desalineado,1,tenant,control_base,nombre,Alinear tipo,ALTA,NO,
D-1016,nullable_desalineado,1,tenant,control_base,updated_at,Alinear nullable,ALTA,NO,
D-1017,constraint_desalineada,1,tenant,control_base,,Alinear constraint,ALTA,NO,
D-1018,constraint_nombre_desalineado,1,tenant,control_base,,Alinear nombre de constraint,ALTA,NO,
D-1019,constraint_nombre_desalineado,1,tenant,control_base,,Alinear nombre de constraint,ALTA,NO,
D-1020,constraint_falta,1,tenant,control_base,,Agregar constraint al modelo,ALTA,NO,
D-1021,constraint_falta,1,tenant,control_base,,Agregar constraint al modelo,ALTA,NO,
D-1022,indice_falta,1,tenant,control_base,,Agregar indice al modelo,ALTA,NO,
D-1023,indice_falta,1,tenant,control_base,,Agregar indice al modelo,ALTA,NO,
D-1024,nullable_desalineado,2,tenant,empresa,activo,Alinear nullable,MEDIA,NO,
D-1025,nullable_desalineado,2,tenant,empresa,condiciones_pago,Alinear nullable,MEDIA,NO,
D-1026,nullable_desalineado,2,tenant,empresa,created_at,Alinear nullable,MEDIA,NO,
D-1027,tipo_desalineado,2,tenant,empresa,latitud,Alinear tipo,MEDIA,NO,
D-1028,tipo_desalineado,2,tenant,empresa,limite_credito,Alinear tipo,MEDIA,NO,
D-1029,nullable_desalineado,2,tenant,empresa,limite_credito,Alinear nullable,MEDIA,NO,
D-1030,tipo_desalineado,2,tenant,empresa,longitud,Alinear tipo,MEDIA,NO,
D-1031,tipo_desalineado,2,tenant,empresa,tarifa_preferencial,Alinear tipo,MEDIA,NO,
D-1032,nullable_desalineado,2,tenant,empresa,tarifa_preferencial,Alinear nullable,MEDIA,NO,
D-1033,nullable_desalineado,2,tenant,empresa,tipo,Alinear nullable,MEDIA,NO,
D-1034,nullable_desalineado,2,tenant,empresa,updated_at,Alinear nullable,MEDIA,NO,
D-1035,constraint_desalineada,2,tenant,empresa,,Alinear constraint,MEDIA,NO,
D-1036,constraint_nombre_desalineado,3,tenant,empresa,,Alinear nombre de constraint,BAJA,NO,
D-1037,constraint_nombre_desalineado,3,tenant,empresa,,Alinear nombre de constraint,BAJA,NO,
D-1038,constraint_falta,2,tenant,empresa,,Agregar constraint al modelo,MEDIA,NO,
D-1039,constraint_falta,2,tenant,empresa,,Agregar constraint al modelo,MEDIA,NO,
D-1040,constraint_falta,2,tenant,empresa,,Agregar constraint al modelo,MEDIA,NO,
D-1041,indice_falta,2,tenant,empresa,,Agregar indice al modelo,MEDIA,NO,
D-1042,tipo_desalineado,2,tenant,factura,canon_total,Alinear tipo,MEDIA,NO,
D-1043,tipo_desalineado,2,tenant,factura,porcentaje_plataforma,Alinear tipo,MEDIA,NO,
D-1044,tipo_desalineado,2,tenant,factura,total_a_pagar,Alinear tipo,MEDIA,NO,
D-1045,constraint_desalineada,2,tenant,factura,,Alinear constraint,MEDIA,NO,
D-1046,constraint_nombre_desalineado,3,tenant,factura,,Alinear nombre de constraint,BAJA,NO,
D-1047,constraint_nombre_desalineado,3,tenant,factura,,Alinear nombre de constraint,BAJA,NO,
D-1048,constraint_falta,2,tenant,factura,,Agregar constraint al modelo,MEDIA,NO,
D-1049,constraint_sobra,2,tenant,factura,,Eliminar constraint del modelo,MEDIA,NO,
D-1050,constraint_falta,2,tenant,factura,,Agregar constraint al modelo,MEDIA,NO,
D-1051,constraint_falta,2,tenant,factura,,Agregar constraint al modelo,MEDIA,NO,
D-1052,constraint_falta,2,tenant,factura,,Agregar constraint al modelo,MEDIA,NO,
D-1053,constraint_falta,2,tenant,factura,,Agregar constraint al modelo,MEDIA,NO,
D-1054,constraint_falta,2,tenant,factura,,Agregar constraint al modelo,MEDIA,NO,
D-1055,constraint_falta,2,tenant,factura,,Agregar constraint al modelo,MEDIA,NO,
D-1056,constraint_falta,2,tenant,factura,,Agregar constraint al modelo,MEDIA,NO,
D-1057,constraint_falta,2,tenant,factura,,Agregar constraint al modelo,MEDIA,NO,
D-1058,constraint_falta,2,tenant,factura,,Agregar constraint al modelo,MEDIA,NO,
D-1059,constraint_falta,2,tenant,factura,,Agregar constraint al modelo,MEDIA,NO,
D-1060,constraint_falta,2,tenant,factura,,Agregar constraint al modelo,MEDIA,NO,
D-1061,indice_falta,2,tenant,factura,,Agregar indice al modelo,MEDIA,NO,
D-1062,indice_falta,2,tenant,factura,,Agregar indice al modelo,MEDIA,NO,
D-1063,indice_falta,2,tenant,factura,,Agregar indice al modelo,MEDIA,NO,
D-1064,indice_falta,2,tenant,factura,,Agregar indice al modelo,MEDIA,NO,
D-1065,indice_falta,2,tenant,factura,,Agregar indice al modelo,MEDIA,NO,
D-1066,constraint_desalineada,1,trip,calificacion,,Alinear constraint,ALTA,NO,
D-1067,constraint_nombre_desalineado,1,trip,calificacion,,Alinear nombre de constraint,ALTA,NO,
D-1068,constraint_nombre_desalineado,1,trip,calificacion,,Alinear nombre de constraint,ALTA,NO,
D-1069,constraint_nombre_desalineado,1,trip,calificacion,,Alinear nombre de constraint,ALTA,NO,
D-1070,constraint_sobra,1,trip,calificacion,,Eliminar constraint del modelo,ALTA,NO,
D-1071,constraint_falta,1,trip,calificacion,,Agregar constraint al modelo,ALTA,NO,
D-1072,constraint_falta,1,trip,calificacion,,Agregar constraint al modelo,ALTA,NO,
D-1073,constraint_falta,1,trip,calificacion,,Agregar constraint al modelo,ALTA,NO,
D-1074,constraint_falta,1,trip,calificacion,,Agregar constraint al modelo,ALTA,NO,
D-1075,constraint_falta,1,trip,calificacion,,Agregar constraint al modelo,ALTA,NO,
D-1076,constraint_falta,1,trip,calificacion,,Agregar constraint al modelo,ALTA,NO,
D-1077,indice_falta,1,trip,calificacion,,Agregar indice al modelo,ALTA,NO,
D-1078,nullable_desalineado,2,trip,foto_viaje,created_at,Alinear nullable,MEDIA,NO,
D-1079,constraint_desalineada,2,trip,foto_viaje,,Alinear constraint,MEDIA,NO,
D-1080,constraint_nombre_desalineado,3,trip,foto_viaje,,Alinear nombre de constraint,BAJA,NO,
D-1081,constraint_nombre_desalineado,3,trip,foto_viaje,,Alinear nombre de constraint,BAJA,NO,
D-1082,constraint_falta,2,trip,foto_viaje,,Agregar constraint al modelo,MEDIA,NO,
D-1083,constraint_falta,2,trip,foto_viaje,,Agregar constraint al modelo,MEDIA,NO,
D-1084,constraint_falta,2,trip,foto_viaje,,Agregar constraint al modelo,MEDIA,NO,
D-1085,constraint_falta,2,trip,foto_viaje,,Agregar constraint al modelo,MEDIA,NO,
D-1086,indice_falta,2,trip,foto_viaje,,Agregar indice al modelo,MEDIA,NO,
D-1087,indice_falta,2,trip,foto_viaje,,Agregar indice al modelo,MEDIA,NO,
D-1088,comment_desalineado,1,trip,historial_estado_viaje,latitud,Alinear comment,ALTA,NO,
D-1089,comment_desalineado,1,trip,historial_estado_viaje,longitud,Alinear comment,ALTA,NO,
D-1090,constraint_desalineada,1,trip,historial_estado_viaje,,Alinear constraint,ALTA,NO,
D-1091,constraint_nombre_desalineado,1,trip,historial_estado_viaje,,Alinear nombre de constraint,ALTA,NO,
D-1092,constraint_falta,1,trip,historial_estado_viaje,,Agregar constraint al modelo,ALTA,NO,
D-1093,indice_falta,1,trip,historial_estado_viaje,,Agregar indice al modelo,ALTA,NO,
D-1094,constraint_desalineada,2,trip,objeto_olvidado,,Alinear constraint,MEDIA,NO,
D-1095,constraint_nombre_desalineado,3,trip,objeto_olvidado,,Alinear nombre de constraint,BAJA,NO,
D-1096,constraint_nombre_desalineado,3,trip,objeto_olvidado,,Alinear nombre de constraint,BAJA,NO,
D-1097,constraint_nombre_desalineado,3,trip,objeto_olvidado,,Alinear nombre de constraint,BAJA,NO,
D-1098,constraint_falta,2,trip,objeto_olvidado,,Agregar constraint al modelo,MEDIA,NO,
D-1099,constraint_falta,2,trip,objeto_olvidado,,Agregar constraint al modelo,MEDIA,NO,
D-1100,constraint_falta,2,trip,objeto_olvidado,,Agregar constraint al modelo,MEDIA,NO,
D-1101,constraint_falta,2,trip,objeto_olvidado,,Agregar constraint al modelo,MEDIA,NO,
D-1102,constraint_falta,2,trip,objeto_olvidado,,Agregar constraint al modelo,MEDIA,NO,
D-1103,indice_falta,2,trip,objeto_olvidado,,Agregar indice al modelo,MEDIA,NO,
D-1104,comment_desalineado,3,trip,panico,resuelto_en,Alinear comment,BAJA,NO,
D-1105,tipo_desalineado,2,trip,panico,ubicacion,Alinear tipo,MEDIA,NO,
D-1106,comment_desalineado,3,trip,panico,usuario_id,Alinear comment,BAJA,NO,
D-1107,constraint_desalineada,2,trip,panico,,Alinear constraint,MEDIA,NO,
D-1108,constraint_nombre_desalineado,3,trip,panico,,Alinear nombre de constraint,BAJA,NO,
D-1109,constraint_nombre_desalineado,3,trip,panico,,Alinear nombre de constraint,BAJA,NO,
D-1110,constraint_falta,2,trip,panico,,Agregar constraint al modelo,MEDIA,NO,
D-1111,indice_falta,2,trip,panico,,Agregar indice al modelo,MEDIA,NO,
D-1112,indice_sobra,2,trip,panico,,Eliminar indice del modelo,MEDIA,NO,
D-1113,comment_desalineado,3,trip,tipo_vehiculo,distancia_por_ficha,Alinear comment,BAJA,NO,
D-1114,comment_desalineado,3,trip,tipo_vehiculo,precio_por_ficha,Alinear comment,BAJA,NO,
D-1115,comment_desalineado,3,trip,tipo_vehiculo,precio_por_minuto_espera,Alinear comment,BAJA,NO,
D-1116,constraint_desalineada,2,trip,tipo_vehiculo,,Alinear constraint,MEDIA,NO,
D-1117,constraint_falta,2,trip,tipo_vehiculo,,Agregar constraint al modelo,MEDIA,NO,
D-1118,constraint_falta,2,trip,tipo_vehiculo,,Agregar constraint al modelo,MEDIA,NO,
D-1119,constraint_falta,2,trip,tipo_vehiculo,,Agregar constraint al modelo,MEDIA,NO,
D-1120,constraint_falta,2,trip,tipo_vehiculo,,Agregar constraint al modelo,MEDIA,NO,
D-1121,constraint_falta,2,trip,tipo_vehiculo,,Agregar constraint al modelo,MEDIA,NO,
D-1122,indice_falta,2,trip,tipo_vehiculo,,Agregar indice al modelo,MEDIA,NO,
D-1123,tipo_desalineado,1,trip,viaje_solicitado,destino,Alinear tipo,ALTA,NO,
D-1124,tipo_desalineado,1,trip,viaje_solicitado,origen,Alinear tipo,ALTA,NO,
D-1125,comment_desalineado,1,trip,viaje_solicitado,solicitado_en,Alinear comment,ALTA,NO,
D-1126,constraint_desalineada,1,trip,viaje_solicitado,,Alinear constraint,ALTA,NO,
D-1127,constraint_falta,1,trip,viaje_solicitado,,Agregar constraint al modelo,ALTA,NO,
D-1128,constraint_falta,1,trip,viaje_solicitado,,Agregar constraint al modelo,ALTA,NO,
D-1129,constraint_falta,1,trip,viaje_solicitado,,Agregar constraint al modelo,ALTA,NO,
D-1130,constraint_falta,1,trip,viaje_solicitado,,Agregar constraint al modelo,ALTA,NO,
D-1131,constraint_nombre_desalineado,1,trip,viaje_solicitado,,Alinear nombre de constraint,ALTA,NO,
D-1132,constraint_nombre_desalineado,1,trip,viaje_solicitado,,Alinear nombre de constraint,ALTA,NO,
D-1133,constraint_nombre_desalineado,1,trip,viaje_solicitado,,Alinear nombre de constraint,ALTA,NO,
D-1134,constraint_nombre_desalineado,1,trip,viaje_solicitado,,Alinear nombre de constraint,ALTA,NO,
D-1135,constraint_nombre_desalineado,1,trip,viaje_solicitado,,Alinear nombre de constraint,ALTA,NO,
D-1136,constraint_nombre_desalineado,1,trip,viaje_solicitado,,Alinear nombre de constraint,ALTA,NO,
D-1137,constraint_nombre_desalineado,1,trip,viaje_solicitado,,Alinear nombre de constraint,ALTA,NO,
D-1138,constraint_nombre_desalineado,1,trip,viaje_solicitado,,Alinear nombre de constraint,ALTA,NO,
D-1139,constraint_falta,1,trip,viaje_solicitado,,Agregar constraint al modelo,ALTA,NO,
D-1140,constraint_falta,1,trip,viaje_solicitado,,Agregar constraint al modelo,ALTA,NO,
D-1141,constraint_falta,1,trip,viaje_solicitado,,Agregar constraint al modelo,ALTA,NO,
D-1142,constraint_falta,1,trip,viaje_solicitado,,Agregar constraint al modelo,ALTA,NO,
D-1143,constraint_falta,1,trip,viaje_solicitado,,Agregar constraint al modelo,ALTA,NO,
D-1144,constraint_falta,1,trip,viaje_solicitado,,Agregar constraint al modelo,ALTA,NO,
D-1145,constraint_falta,1,trip,viaje_solicitado,,Agregar constraint al modelo,ALTA,NO,
D-1146,constraint_falta,1,trip,viaje_solicitado,,Agregar constraint al modelo,ALTA,NO,
D-1147,constraint_falta,1,trip,viaje_solicitado,,Agregar constraint al modelo,ALTA,NO,
D-1148,constraint_falta,1,trip,viaje_solicitado,,Agregar constraint al modelo,ALTA,NO,
D-1149,constraint_sobra,1,trip,viaje_solicitado,,Eliminar constraint del modelo,ALTA,NO,
D-1150,constraint_sobra,1,trip,viaje_solicitado,,Eliminar constraint del modelo,ALTA,NO,
D-1151,constraint_sobra,1,trip,viaje_solicitado,,Eliminar constraint del modelo,ALTA,NO,
D-1152,constraint_sobra,1,trip,viaje_solicitado,,Eliminar constraint del modelo,ALTA,NO,
D-1153,constraint_sobra,1,trip,viaje_solicitado,,Eliminar constraint del modelo,ALTA,NO,
D-1154,constraint_sobra,1,trip,viaje_solicitado,,Eliminar constraint del modelo,ALTA,NO,
D-1155,constraint_sobra,1,trip,viaje_solicitado,,Eliminar constraint del modelo,ALTA,NO,
D-1156,constraint_sobra,1,trip,viaje_solicitado,,Eliminar constraint del modelo,ALTA,NO,
D-1157,indice_falta,1,trip,viaje_solicitado,,Agregar indice al modelo,ALTA,NO,
D-1158,indice_sobra,1,trip,viaje_solicitado,,Eliminar indice del modelo,ALTA,NO,
D-1159,indice_nombre_desalineado,1,trip,viaje_solicitado,,Alinear nombre de indice,ALTA,NO,
D-1160,indice_nombre_desalineado,1,trip,viaje_solicitado,,Alinear nombre de indice,ALTA,NO,
